subject,region,X,Y,eccentricity,fwhm,r2
160728F099,V1,1.23233083342782,0.114711439364932,1.23765827163159,0.203463166219913,0.805334443538005
160728F099,V1,0.788449519987794,-2.62285828320847,2.73880233302154,0.762886385243346,0.687727033537597
160728F099,V1,1.15341259461738,-2.08321893587983,2.38121014365181,0.76258518860343,0.642531271737203
160728F099,V1,1.42814899975579,-3.19555995400549,3.50017327930305,1.30525764550407,0.704422328256926
160728F099,V1,1.07966789406674,-0.196405540846033,1.0973868497269,0.200033367849915,0.650860188565355
160728F099,V1,1.74989192199645,-2.78470737290168,3.2888777556123,0.254430880495093,0.704021797918583
160728F099,V1,1.53819697809319,-3.07294296584282,3.43642669276356,0.932357970657553,0.677168530300285
160728F099,V1,1.4175714300818,-3.31195183559582,3.60257320823473,1.17044050054779,0.74027274339354
160728F099,V1,1.52354988695844,-3.74604728163152,4.0440171233898,1.05313937109555,0.791565182327962
160728F099,V1,1.51069886502394,-4.05661758046514,4.32878242175828,1.37915066901369,0.816901510431531
160728F099,V1,0.842289785531864,1.08231844667907,1.37144642725595,0.31193689744284,0.656995192985122
160728F099,V1,0.677290825749453,1.24337110883665,1.41587237310926,0.250962623510144,0.803597414276249
160728F099,V1,2.66829829127211,2.07590019769075,3.38070664240158,0.412399248595373,0.653488357904541
160728F099,V1,2.59164822227114,1.75102969849665,3.12773808254758,0.548377124297716,0.670961970229151
160728F099,V1,2.31015988237146,1.71852432115674,2.87926458050068,0.729700849865421,0.627285826003593
160728F099,V1,1.04078819442471,1.51335991127992,1.83670854702726,0.298137443359117,0.782437901362466
160728F099,V1,0.667509119640332,1.4496886342015,1.59598419821,0.315516840406339,0.794135211027246
160728F099,V1,1.08029706218603,1.49713821167417,1.84620274277304,0.217981155070905,0.769104192595192
160728F099,V1,0.795818564967601,1.32785797630621,1.54807428555193,0.34625730520132,0.831338721058374
160728F099,V1,0.785902370387003,0.905892134327737,1.19928440947791,0.278827491634361,0.798424008579904
160728F099,V1,1.36128390788867,1.79255680627083,2.2508562329888,0.441092454854332,0.635663842795382
160728F099,V1,0.857378606568728,1.7093831683053,1.91235166511999,0.257012117635637,0.808521211072704
160728F099,V1,0.9660884794791,1.73236773975983,1.98353848864669,0.151863504018796,0.782251866037296
160728F099,V1,0.836582159629798,1.42083193350632,1.64882779364073,0.356744857477376,0.805730037562138
160728F099,V1,1.98608201399549,2.7865602896495,3.42190590375713,0.308784947140104,0.726737054513425
160728F099,V1,1.57317433147333,2.52135698031194,2.97188803614374,0.298580296771306,0.752970280109875
160728F099,V1,1.08303803211983,2.14743613672738,2.40508905039722,0.280667873725956,0.784036348977047
160728F099,V1,0.691378822315843,1.88587918065365,2.0086176739165,0.401691584868298,0.702595051275756
160728F099,V1,1.34384192674159,2.572625605727,2.90246681829625,0.477943197177983,0.705605232868207
160728F099,V1,0.866474001621299,2.2515063954168,2.41247968780846,0.365690724793717,0.824054911981177
160728F099,V1,0.454640533119527,1.66101483915876,1.72211158472987,0.367794683241022,0.795691110325236
160728F099,V1,0.890826407347907,2.24052397903737,2.41112409234154,0.368227205962904,0.810707150425811
160728F099,V1,0.71829068900164,2.06390132576809,2.18532153158608,0.402553571323552,0.835781715879558
160728F099,V1,0.76621594713245,1.65378299004151,1.82265878753833,0.277002771923766,0.790268140832736
160728F099,V1,1.56253202494307,2.91271110938075,3.30535812517838,0.417733744579452,0.675213006791087
160728F099,V1,0.994534946111528,2.75307225619337,2.92720115585839,0.552858885958568,0.705258734691281
160728F099,V1,0.41838841437099,1.87249034626105,1.91866332693381,0.516691908055043,0.732071502799231
160728F099,V1,0.934571006747681,3.23184304067528,3.3642580766366,0.285209330994404,0.710481618826113
160728F099,V1,0.664967895900236,2.81556763173507,2.89302668350159,0.460118009358642,0.754800633235932
160728F099,V1,0.491715712954533,2.10512528064738,2.16179018167515,0.511894729707001,0.822127911950716
160728F099,V1,0.694968590398022,2.35827419148707,2.4585439804636,0.439367040802,0.766861769273084
160728F099,V1,0.596712109488902,2.18816854527899,2.26807119027579,0.538563219299339,0.759770969921328
160728F099,V1,0.219101756408501,2.50778454040993,2.51733765728405,0.802444811779537,0.781658625972798
160728F099,V1,0.205061535663592,2.22759348162393,2.23701205914991,0.86995718305994,0.796207837623067
160728F099,V1,0.540265187064443,3.25955814089561,3.30402871449881,0.447631528007256,0.84670024498859
160728F099,V1,0.287960850305062,2.46770924593405,2.48445373749982,0.571455943004219,0.841967182226079
160728F099,V1,0.688687193237894,3.14066760622468,3.21528895480934,0.671781123902488,0.79415848247699
160728F099,V1,0.987021708206645,2.97590358415348,3.13531720797892,1.0492973628672,0.727472154582986
160728F099,V1,0.307038974746721,2.96533297772997,2.9811864418091,0.796694422590053,0.777296010664366
160728F099,V1,0.431369240124073,2.50246152036974,2.53936863851163,0.766031691113851,0.775352843405507
160728F099,V1,-1.35138489013151,-0.03416564028234,1.35181670808274,1.23681376884543,0.694895965630116
160728F099,V1,-1.11732782380295,0.0566671638829435,1.1187638863079,1.04198030710163,0.771282570863845
160728F099,V1,-0.920396459256998,0.166951417509449,0.935415639179308,0.777906656444978,0.652913236738711
160728F099,V1,-0.554867149250411,0.236907019233085,0.603326187960695,0.696641953175404,0.673404163507094
160728F099,V1,-0.96707186324942,-0.36174756346922,1.03251599908409,0.933397341007673,0.846663117609404
160728F099,V1,-0.63899156666953,-0.177274505254852,0.663126286983206,0.373007303014888,0.820058971923835
160728F099,V1,-0.59687340121807,-0.0598029686374003,0.599861860880881,0.312045757192756,0.751411923499846
160728F099,V1,-1.19265859064311,-0.843043405603412,1.46053301830743,1.37098649342884,0.880988913942428
160728F099,V1,-0.878209696401939,-0.632586763528538,1.08232078620245,1.06720305766018,0.873167537884003
160728F099,V1,-0.727549066824633,-0.501565708887552,0.883683090801938,0.759566343961519,0.853999975899003
160728F099,V1,-0.784817001701065,-0.468524538208256,0.914031164163623,0.685800370547449,0.834770599848674
160728F099,V1,-0.723304770957496,-0.497448079206625,0.877852141989889,0.693912576370344,0.690784688313175
160728F099,V1,-1.76253992887499,-0.0410555514213633,1.76301802576751,0.154086161723427,0.734022382035437
160728F099,V1,-1.72835838783221,-0.0658016126985111,1.72961052524078,0.126478714565624,0.681226030235135
160728F099,V1,-0.598124542985493,0.126123134852056,0.611277362632148,0.218150390949151,0.68778528950866
160728F099,V1,-0.970936899014886,-0.180636818350009,0.987597145607589,0.163739799158222,0.677541181864769
160728F099,V1,-0.660972974663759,-0.0738284270275147,0.665083385654172,0.274542248193152,0.832442364247804
160728F099,V1,-0.695811283001974,-0.0301130423981729,0.696462588281185,0.288377716974181,0.841726061146571
160728F099,V1,-0.501941147872902,-0.0797092094297586,0.508230729094457,0.233982976253116,0.759189424153013
160728F099,V1,-0.678921558806673,-0.490834965642704,0.837766940449406,0.313869471973656,0.889715246979258
160728F099,V1,-0.494068334159254,-0.532677626075292,0.7265321549251,0.268690165429477,0.717936923507502
160728F099,V1,-1.450878744145,0.0917758969612603,1.45377850633266,0.225001938270146,0.64217696346368
160728F099,V1,-1.27172955792893,0.058153542676222,1.27305848374531,0.0670763625464362,0.686044304067423
160728F099,V1,-1.63089927923478,-0.0423909642146722,1.63145010737552,0.159517385139365,0.783180444203876
160728F099,V1,-1.65530618886765,-0.0695805559679193,1.65676794774415,0.191887000553397,0.775624377706609
160728F099,V1,-1.41100480334787,-0.194301696347424,1.42432008490868,0.336867537123776,0.719953915945047
160728F099,V1,-0.861955919617519,0.0498149936924155,0.863394197895873,0.208216488958413,0.722342422640549
160728F099,V1,-0.490709049103455,-0.650490035317139,0.814820628677815,0.138629653114641,0.75767745782599
160728F099,V1,-0.225579071889905,-0.90566938243838,0.93333967448139,0.157700938093165,0.763590953878196
160728F099,V1,-0.935651251976475,-0.500031556314121,1.0608839817035,0.388519911589857,0.865405924634538
160728F099,V1,-0.799107333266107,-0.572615093752724,0.983087267577558,0.351031066807803,0.850862316451216
160728F099,V1,-0.747536112407144,-1.48350445612165,1.66120309134241,0.47279376647402,0.70744230877543
160728F099,V1,-0.833615830927375,-1.74037879609366,1.92972373863855,0.226909956390078,0.745867772632859
160728F099,V1,-0.975996119485571,-2.21666071974705,2.42201427983412,0.181656842644051,0.852703258625253
160728F099,V1,-1.76380662544198,-2.57676568455803,3.12261672401031,0.743573979998268,0.710191116770621
160728F099,V1,-1.31332966757991,0.07444346424307,1.31543781499319,0.133945408429673,0.658309671798152
160728F099,V1,-0.478354750188567,0.155577932706348,0.503018647937775,0.164687675378638,0.636834884878802
160728F099,V1,-1.2986086933755,0.0781992537177237,1.30096105314204,0.0898574775521947,0.731762669605609
160728F099,V1,-0.573531136755509,-0.977187781304473,1.13306395439923,0.336834416813771,0.641987167875013
160728F099,V1,-0.733432045161815,-1.41146615813205,1.59064744064243,0.283795448955123,0.712489264550502
160728F099,V1,-1.13479603273303,-0.537538474164088,1.25567099477263,0.243809263297481,0.799880366341678
160728F099,V1,-1.2277477916373,-1.69947385372947,2.09656290613479,0.456678142504286,0.62933728454887
160728F099,V1,-1.98063431323724,0.200412825474783,1.99074799595216,0.300792503745879,0.741583759421161
160728F099,V1,-1.98177291644335,0.368809590322396,2.01579870182073,0.183453594754217,0.673286108952136
160728F099,V1,-2.03517981646572,0.289060838456929,2.05560527671994,0.231324204777697,0.767118788370485
160728F099,V1,-1.93054502928801,0.0951360019790561,1.93288772798143,0.25022768112264,0.766947420788839
160728F099,V1,-0.516907933025894,-0.958417935631505,1.0889255027619,0.180683574934144,0.719740306205706
160728F099,V1,-1.96245727646896,0.20506038062478,1.97314173886925,0.233545076291054,0.693641247460364
160728F099,V1,-1.78836359843568,-0.00700901001081771,1.7883773333475,0.23079101982287,0.726107703757909
160728F099,V1,-0.748536007361957,-0.718050752439994,1.03725745955236,0.333786768414212,0.763440178975099
160728F099,V1,-0.381532238947914,-0.975361660749218,1.04732861061659,0.093033756954131,0.773873915867709
160728F099,V1,-0.701046450429631,-0.932280330302118,1.16645305946198,0.336881096939007,0.792328065570806
160728F099,V1,-1.32719961987146,-1.32236377693732,1.87352736557086,0.276118361634938,0.778280392761808
160728F099,V1,-2.08573525651223,-1.12335237501661,2.36901078906652,0.486497380591976,0.632530610664177
160728F099,V1,-1.83599502108539,-1.54031157005862,2.39654698479016,0.298908168097837,0.695884748935465
160728F099,V1,-3.11760954371454,-1.53850028067479,3.47656042385234,0.512514556803576,0.728820730028717
160728F099,V1,-2.02277781786827,-2.02598067457717,2.86290548118866,0.1778843937296,0.730776265065168
160728F099,V1,-2.75177784964378,-2.22565470753063,3.5391835514626,0.527330845272167,0.748860693739913
160728F099,V1,-0.481147659770927,0.22812853431541,0.53249009255754,0.117017579440758,0.625750710531225
160728F099,V1,-0.611374765175086,-0.936758957284724,1.11861362746305,0.32705049293202,0.698707217772159
160728F099,V1,-1.58008105300939,-0.748731811192677,1.74850091769239,0.799581250853344,0.68193821774899
160728F099,V1,-2.72403542161928,-0.737132079649137,2.82200862526754,1.0362577736662,0.642135944668375
160728F099,V1,-0.173671949281823,0.504013904264928,0.533096578172965,0.290652412720641,0.666820864438207
160728F099,V1,-2.25881353629752,0.849536829232179,2.41328643471569,0.246683310073492,0.668757827654249
160728F099,V1,-2.31010097371244,1.24504112531181,2.62425111459724,0.184978105880279,0.71424969943651
160728F099,V1,-2.63047252032624,1.8528847778015,3.21754062600614,0.176645755572211,0.754139357842523
160728F099,V1,-2.57659442706249,0.519044236509785,2.62835419246027,0.360817846599799,0.716398559732086
160728F099,V1,-2.41873332614471,0.72396912197104,2.52475784830359,0.315240014406223,0.669867060368777
160728F099,V1,-2.69756253361021,0.553476969696503,2.75375750180039,0.322776459787298,0.704857937895303
160728F099,V1,-2.5947872798029,0.292065343313807,2.61117276184322,0.3300888583572,0.767353672197302
160728F099,V1,-2.62234901380649,0.255264328892206,2.63474367402536,0.415431556887281,0.782074394288956
160728F099,V1,-2.7767445639101,0.685843428619428,2.86019082960993,1.07405242501009,0.64858315539385
160728F099,V1,-2.85360312821041,0.501346729521229,2.89730898534034,0.343626154711779,0.7542784050948
160728F099,V1,-2.92761646236748,0.413075855019957,2.9566145864359,0.314562919892349,0.784885840250464
160728F099,V1,-2.84575696819266,-0.0161774773000702,2.84580295044981,0.15334575331939,0.73401906360037
160728F099,V1,-3.09373622855519,-0.354624015803244,3.1139945479174,0.221734324323306,0.706141681621875
160728F099,V1,-3.03276357600601,-0.481707320080342,3.07078114657618,0.207007557261724,0.74174327190398
160728F099,V1,-3.4468845998394,-0.215353095925743,3.45360542050403,0.365105192483556,0.640885205705233
160728F099,V1,-3.43969399141162,-0.581144741392586,3.48844148080507,0.244403428518033,0.721259902612781
160728F099,V1,-2.74375038727948,1.52781336123615,3.14044262078899,0.576838081020288,0.63491914507147
160728F099,V1,-0.318099586432284,2.27793708215562,2.30004015120347,0.646869329026425,0.725785637564965
160616M090,V1,0.271051442793494,-2.53153815032587,2.54600751986237,0.979547721052513,0.799794465094203
160616M090,V1,0.518540233719868,-2.20278112359577,2.26299108536824,1.0324211194453,0.717572342700753
160616M090,V1,0.655357700526964,-2.10795888282109,2.20748371846869,1.07658451759319,0.873567251909367
160616M090,V1,0.0576995005472001,-0.267868414264952,0.274012261996095,0.948535052552398,0.763717557738408
160616M090,V1,0.500236158996832,-1.97368238872615,2.03608899273477,0.817688835744201,0.819083240772728
160616M090,V1,0.339122158128108,-2.19308293037816,2.21914771424741,0.897423488734057,0.769208535448959
160616M090,V1,0.709734006987641,-2.22788243749398,2.33820070053211,1.00029358686592,0.903503111828117
160616M090,V1,1.58284966717607,-2.57427765611008,3.0219726205952,1.19803167439113,0.814848133670143
160616M090,V1,1.28584604779303,-2.63209080288744,2.92938595157238,1.23509228567421,0.83939309835478
160616M090,V1,0.598114027915271,-0.370137725017529,0.703379219106011,0.738892298936021,0.772620440656942
160616M090,V1,0.348603381767852,-1.90774568381499,1.93933439919337,0.941041695911892,0.815196882312157
160616M090,V1,0.894039151670134,-2.10149175491203,2.28376303514228,1.11322834376448,0.740412178018777
160616M090,V1,2.00098365878657,-2.32218112665192,3.06536470712855,1.36675867820393,0.739446044517964
160616M090,V1,0.302818123005482,-1.33773181882234,1.3715776444337,0.778369588219891,0.822404990454502
160616M090,V1,0.627879424305312,-0.806961299330746,1.02245738790599,0.77699926087623,0.762566537011608
160616M090,V1,0.158714714887017,-0.195840578099828,0.252079139859176,0.744601414386754,0.748248327356992
160616M090,V1,-0.0806800153383248,-1.60153183594495,1.6035627478899,1.23042921091237,0.771981311282562
160616M090,V1,0.593945233516549,-1.6539864160384,1.75739637101497,0.639291296230181,0.822820335471263
160616M090,V1,0.379185621038664,-1.64320023649032,1.68638333495215,0.874553720985476,0.913617780065027
160616M090,V1,2.98701104382382,-2.08995145987318,3.64556334200237,1.37029048982434,0.887857409295385
160616M090,V1,2.76462198525408,-1.60830252305771,3.19840143306371,1.25038254929437,0.903426148901866
160616M090,V1,2.90157307103163,-1.3663011035967,3.20716463441238,1.25683933053443,0.823816232666367
160616M090,V1,3.95539568599666,-1.19966038585137,4.13332070787908,1.3562382936364,0.845364052124172
160616M090,V1,0.267380601879152,-0.92675599551221,0.964556406582365,0.649006787016711,0.804758904426657
160616M090,V1,0.888006567617069,-1.41612540682676,1.67151632716863,0.923346804008287,0.803978396331907
160616M090,V1,0.839888195703097,0.184033150389263,0.859814155340328,0.475133732721449,0.733148151182805
160616M090,V1,1.75769745164303,-1.6745138949244,2.42765259372244,1.12843728940781,0.72830908059289
160616M090,V1,2.16257060313003,-1.5266546068146,2.64714674735467,1.15615551752238,0.801823301955614
160616M090,V1,2.13574834501682,-1.16985032218517,2.43515313061803,0.987341781093001,0.852942742256567
160616M090,V1,1.89985611324063,-1.04585409098787,2.16870100074995,0.858451367608565,0.826255917114084
160616M090,V1,3.25227478874034,-1.00319880271652,3.40348338313086,1.2303656628685,0.862941494184073
160616M090,V1,3.07555515941118,-0.972657018306743,3.22569391198887,0.995572888977223,0.910608193680634
160616M090,V1,3.83629223031616,-0.864730528994309,3.93254332006133,1.04743156933034,0.905794959635806
160616M090,V1,3.53714765509446,-0.840457913647916,3.63562691135293,0.900550801120924,0.74510740777163
160616M090,V1,0.0744758681491469,-0.933346059719595,0.936312726673446,0.660055271346753,0.82810210213264
160616M090,V1,0.109554586080325,-0.964762992372257,0.970963356045068,0.937121689254031,0.720041656047179
160616M090,V1,0.185502095393619,-0.825609659265578,0.84619284850916,0.873690522737262,0.734045235978487
160616M090,V1,0.426990030736301,0.201106772121404,0.471979258168489,0.845365506229036,0.719426696484603
160616M090,V1,1.57748603596122,-1.3869761824209,2.10051544251774,0.944967693737194,0.788580350352641
160616M090,V1,1.3613643076912,-1.1356578507147,1.7728597045862,0.859812622829679,0.819897058502288
160616M090,V1,1.01318534745687,0.167304398849666,1.026905696827,0.718143048953385,0.776857053662939
160616M090,V1,0.875091946663337,0.0938705185297097,0.880112259523787,0.642530418711056,0.784924367826334
160616M090,V1,2.04413683924063,-0.984292745188059,2.26877227278776,1.12854014070945,0.890646620606387
160616M090,V1,1.33561352529497,-0.976647625449605,1.65460088034765,1.03318551115066,0.815208517554242
160616M090,V1,1.13027517133515,0.126794761812091,1.13736488189134,0.68052134500562,0.800786182379957
160616M090,V1,2.9089163118028,-0.908200160549076,3.0473958785648,1.00415657758683,0.801551024375141
160616M090,V1,3.6275987775737,-0.65597980910693,3.68643220485745,1.15527782302571,0.842370044475577
160616M090,V1,1.2216875539042,0.0970487683866968,1.22553618584268,0.684880594027744,0.834574643618409
160616M090,V1,2.20677529184831,-0.609086110508999,2.2892887713714,0.998124523592602,0.828493710131873
160616M090,V1,1.31873412983794,0.108164029270801,1.32316256084713,0.71401288712804,0.848110066057864
160616M090,V1,1.24080562635885,0.24683091307406,1.26511821663146,0.675758368448417,0.865298197286936
160616M090,V1,1.45297571355045,0.16419559152647,1.46222385989429,0.75784799804478,0.847187108673998
160616M090,V1,1.43791827645056,0.253334430202299,1.46006414354866,0.722937786998781,0.865119888880958
160616M090,V1,4.05494177046909,-0.0404635025377054,4.05514365429051,1.20912850016105,0.906110648689573
160616M090,V1,3.05246421854354,-0.113195200383474,3.05456231870925,1.12748539424029,0.898558042493816
160616M090,V1,4.42416577805717,0.0450198307569722,4.42439483058346,1.04822817905537,0.750787053132909
160616M090,V1,3.71695989208781,0.0480424651392366,3.71727035845472,1.10237547850102,0.914937141348979
160616M090,V1,3.21839833830706,0.0330923483280581,3.21856846556595,1.04160648873787,0.918098122259578
160616M090,V1,2.74812682699382,0.224515841405745,2.75728279657442,1.03185684938029,0.864763260672858
160616M090,V1,1.03096205740489,-0.458905986830667,1.12848458941961,1.03774357398123,0.880364212711679
160616M090,V1,0.986651646267011,0.929114705589674,1.35526219132107,0.903353061359729,0.758520573612346
160616M090,V1,0.695669080887612,0.72790429997636,1.00687642738674,1.00901454184097,0.772697022372685
160616M090,V1,0.656964909847943,0.441889062226576,0.791750488529688,0.943914270715958,0.735832711473443
160616M090,V1,1.79535387980483,-0.181925796947891,1.80454774093827,0.97331345576344,0.818898532157116
160616M090,V1,1.50855763379856,0.000132534089430699,1.50855763962044,0.866672364999151,0.765568446520034
160616M090,V1,0.941594867459081,0.560848250496847,1.09597064491284,1.02932376892774,0.752917998534337
160616M090,V1,1.50511151477614,-0.312907403923218,1.53729363341611,0.583202159919567,0.751507651398116
160616M090,V1,1.5224112954854,0.405186222695027,1.57540852723457,0.720993538182513,0.806823119406685
160616M090,V1,1.80092263347655,0.162008904075052,1.80819501624347,0.900741376855703,0.902000728739187
160616M090,V1,1.6768872991802,0.266876860593013,1.69799124640613,0.837121785976929,0.847769947699527
160616M090,V1,2.59335653753349,0.125807532801252,2.59640629834339,0.938166982215834,0.850334019412967
160616M090,V1,1.98582707895844,0.25317384410058,2.00190064260474,0.930436602991437,0.880146456057152
160616M090,V1,4.31441948198937,0.388620640664582,4.33188659465134,1.24594295836186,0.8587588387463
160616M090,V1,3.35742388526566,0.175142380979387,3.36198899447448,1.13835033093583,0.911340465123409
160616M090,V1,2.69331404324694,0.184120051890117,2.69960010539694,1.03497905495602,0.915728111270075
160616M090,V1,0.406631562454815,0.804013869947445,0.900992525303241,1.05644768914433,0.757567218013581
160616M090,V1,1.62166403623237,0.931244390119344,1.87002950793249,0.850471444921584,0.798830367429526
160616M090,V1,1.68155722714858,0.883510729003841,1.89953307853286,0.810470233117752,0.735163459498659
160616M090,V1,2.12866519273046,0.677325409198618,2.23382748051148,0.925403470184495,0.880271029545309
160616M090,V1,3.98618293565592,1.01181385872955,4.112593060495,1.28049046839981,0.88663105979438
160616M090,V1,2.79646935710926,0.648386885674056,2.870652611997,1.07452362558312,0.88208370169694
160616M090,V1,2.20564021657951,0.589507559781763,2.28306108723196,0.857308606777991,0.861042255427555
160616M090,V1,3.5803935895074,0.737461473656095,3.65555299249139,1.05845753740913,0.913299501206433
160616M090,V1,2.78654913729873,0.469908591942499,2.82589281101773,0.904532956312142,0.918439785555594
160616M090,V1,1.00969364896896,0.816185711000368,1.29832214015221,1.38473107227413,0.816753224012122
160616M090,V1,0.807660138749265,1.70025511641096,1.88233428503179,1.47665576044463,0.839462881384457
160616M090,V1,0.281678044878631,2.16338568005514,2.18164619533835,1.14166695571146,0.853973355269307
160616M090,V1,0.355687525235457,0.985723324642221,1.04793324613347,0.942815276400162,0.80058883722441
160616M090,V1,0.996671706164543,1.56226854669932,1.85311562021234,1.56900028370006,0.794206595187688
160616M090,V1,0.841044251104367,2.05739683535471,2.22266443046252,1.25745840066124,0.747608106017354
160616M090,V1,0.580645774961309,2.0686704643759,2.14861513681758,1.14012583738345,0.843259289328419
160616M090,V1,0.0905835052279179,1.87736373339768,1.879547807026,0.90542621693228,0.899687599540711
160616M090,V1,0.176121728806411,1.49829845672698,1.50861430749818,0.941035420949629,0.909947405159343
160616M090,V1,0.248181816593678,0.946855818846767,0.978841231135938,0.78873287234416,0.832522871565803
160616M090,V1,1.69095712344935,2.85285507086863,3.31634106338973,1.64168766447754,0.806283358711353
160616M090,V1,1.35305918975412,2.05662539271346,2.46180364304952,1.26369421765677,0.729890480698001
160616M090,V1,0.381607771673235,1.77175940195157,1.8123895469256,0.900411716012055,0.716680964673073
160616M090,V1,1.55255819197034,1.52534822091916,2.17649354111503,1.09101334012991,0.786778157198118
160616M090,V1,2.39766471059133,1.22158258290205,2.69092178839606,1.08526075154348,0.894056212694797
160616M090,V1,3.74370337138075,1.31704715199949,3.96861791225579,1.4085630223185,0.905850158074541
160616M090,V1,2.79318937721622,1.0830081946952,2.99579933352862,1.16677176636654,0.910215578614193
160616M090,V1,1.50273239741798,3.24820981539735,3.57897634290774,1.5976912758187,0.830073704215625
160616M090,V1,1.20482802170561,2.82656360206246,3.07263280565566,1.23069897546906,0.830327003990774
160616M090,V1,0.647130809883943,2.25352860104343,2.34460432500279,1.20194016060038,0.78186393664261
160616M090,V1,2.14745217545594,3.17373274746319,3.83198778680082,1.45726719621989,0.918442788016869
160616M090,V1,0.407825596635339,1.84269066201595,1.88728127028054,0.896809905247663,0.888314760185354
160616M090,V1,2.81406110809648,2.55624667149907,3.80175445888491,1.48829071001145,0.810102087832626
160616M090,V1,3.78962240169519,1.8420030181787,4.21357485591623,1.50424574697125,0.818360419828889
160616M090,V1,0.498153384664136,4.22944472695094,4.25868048730888,1.44008065447698,0.773701704238308
160616M090,V1,1.39336807216885,4.06383716636665,4.29607345133698,1.41385748935813,0.725992098411979
160616M090,V1,2.13779208392334,3.6156109436443,4.20033302130745,1.46059147974687,0.719899209324848
160616M090,V1,3.5001325529371,2.79960920414173,4.48204636121103,1.63415189427915,0.842916356727931
160616M090,V1,3.56584526492298,2.04973911655775,4.11298953309154,1.52873818094462,0.889334623786116
160616M090,V1,-0.339296563016384,0.192780833212545,0.390239166830873,1.44629132367757,0.713757755708361
160616M090,V1,-1.13244178900892,-2.25505238408124,2.52342736381379,0.996503583665491,0.912043630412412
160616M090,V1,-3.56577818935461,-2.19682557480565,4.18817582030617,1.37200048168483,0.81478413293558
160616M090,V1,-2.85170449466675,-2.57647718447914,3.84323473223326,1.34066060581144,0.811843318761142
160616M090,V1,-2.68324988333759,-2.72503995918066,3.82435258776731,1.19477804153993,0.7283820703252
160616M090,V1,-1.0280104097702,-1.75959822845007,2.03788893911335,1.1646052891503,0.890237591648475
160616M090,V1,-0.735086808035929,-1.72662762364734,1.87659147554562,1.08320298824146,0.762614159671862
160616M090,V1,-0.575042213106195,-1.63845389657779,1.73643448424207,0.996014576319988,0.802004289141968
160616M090,V1,-1.12166456768674,-1.64920180291744,1.99449191253062,0.868644953110219,0.892243404875395
160616M090,V1,-3.82401557078693,-1.38776320481826,4.06804397693392,1.39934438736076,0.865155093867053
160616M090,V1,-3.02440932028596,-1.5828736321829,3.41358179513725,1.35392197447059,0.884347375333763
160616M090,V1,-1.87871116041356,-1.69560941243423,2.53074038648732,0.969087096939357,0.816358430386701
160616M090,V1,-3.31894800048917,-2.56040638927197,4.19178920130483,1.47168747310373,0.876813269206259
160616M090,V1,-0.949291969884235,-1.28710038087513,1.59930692318129,1.0525210042875,0.758162557374756
160616M090,V1,-0.759195802781611,-1.40353100436763,1.59570597140651,0.827212689150902,0.761534339964625
160616M090,V1,-2.30152093160844,-0.856718271939503,2.45580227137829,1.07724385567912,0.826422668500711
160616M090,V1,-1.1989026819713,-1.13725543214144,1.65248829308204,0.709208895722916,0.802051057889381
160616M090,V1,-3.72775053523427,-0.815249208851581,3.81585577891415,1.25055433881066,0.896581948308383
160616M090,V1,-3.36407943836735,-0.894044796615338,3.48085428680963,1.21375889092929,0.907327320871484
160616M090,V1,-0.862340831635275,-0.340750207091349,0.92722295783604,0.789368537871751,0.853155284074454
160616M090,V1,-2.00952451258528,0.324126881963212,2.03549674583191,0.900001101692578,0.770930100101506
160616M090,V1,-1.16398697966549,-0.247226019588924,1.18995226525797,0.864928018846006,0.766303776436439
160616M090,V1,-1.59974030615714,-0.548809216994431,1.69126006391737,0.921067376048342,0.798009788854417
160616M090,V1,-2.2269889008005,-0.54077317276779,2.29170573780186,0.950566687133183,0.738783083587212
160616M090,V1,-3.25337848656177,-0.558189736776477,3.3009161393567,1.18266830838487,0.873358449678342
160616M090,V1,-4.28976381429168,-0.945557526984676,4.39273862405262,1.52442259608861,0.894193812878651
160616M090,V1,-4.1077761420439,-0.348146280055237,4.12250296124349,1.44091817096661,0.884731247069125
160616M090,V1,-1.56025654453218,-0.268312469090334,1.58315888836997,0.846732272526975,0.7599422734953
160616M090,V1,-2.21151857297507,0.373178244804063,2.24278318189894,0.954938081153314,0.772274431170592
160616M090,V1,-2.29754735335234,0.154557663324627,2.30274008784941,0.992470588912387,0.802027300098338
160616M090,V1,-2.12336893567509,-0.18416705647227,2.13134069113307,0.876009482560725,0.785035326768157
160616M090,V1,-2.95935680608421,0.0188753894453804,2.95941700103984,1.01131680600679,0.793320762924509
160616M090,V1,-4.07741822917063,-0.0307997257832267,4.07753455395307,1.34208247874149,0.880749149044315
160616M090,V1,-4.39020798375297,0.0251919679521454,4.39028026165273,1.33848671834119,0.920774391849385
160616M090,V1,-2.07954351142449,0.352456365605422,2.10920048965561,1.01988147104731,0.80958699845845
160616M090,V1,-2.18164315677553,0.279580680359408,2.19948453514357,0.881796432934476,0.759270141399626
160616M090,V1,-2.54055122378059,0.402518479291837,2.57224058882999,0.939721206431779,0.859231356357481
160616M090,V1,-3.05323019061258,0.493875323770599,3.09291568464089,1.16887552726874,0.866356355842459
160616M090,V1,-3.94837824892258,0.749019913305016,4.01879604198725,1.41651377935375,0.912946673076753
160616M090,V1,-1.5695558172414,0.712733182164837,1.72380220802595,0.646414607910713,0.820417708023704
160616M090,V1,-1.85497349062582,0.63399945336039,1.96032700276914,0.732862844045919,0.816206827380754
160616M090,V1,-2.21751316523196,0.49839362725568,2.27283102004222,0.948573166702,0.910262247171192
160616M090,V1,-2.57269265185581,0.660923949337878,2.65623190774474,0.934479758142852,0.901242379452363
160616M090,V1,-3.2142548975181,0.924072416409927,3.34444978688405,1.13964165635905,0.888444903658171
160616M090,V1,-0.913163066945115,1.53239264318169,1.78384248175392,1.03838190725355,0.7441282954868
160616M090,V1,-1.73542481710803,1.33837325319533,2.19156160321883,0.893729119927316,0.813858937829814
160616M090,V1,-2.34571982404231,0.77539793519157,2.47055529199499,0.959441344193196,0.831045785182835
160616M090,V1,-3.01127080064177,1.52568670265866,3.37571796059256,1.22937676013632,0.880505640829613
160616M090,V1,-3.94524598138771,1.87300138243048,4.36727604259707,1.36437344400754,0.905072092926622
160616M090,V1,-0.773405549973584,1.55634332328335,1.7379184919491,1.07222364383335,0.796895719424583
160616M090,V1,-0.941418057950613,1.68517425203204,1.93030573214381,1.02948599263046,0.79154330781454
160616M090,V1,-1.28396209913026,2.24506797729798,2.5862886332913,1.11721084998568,0.826053594476615
160616M090,V1,-1.81961938063406,1.68539727171061,2.48023762044459,1.08748179477742,0.895640560422184
160616M090,V1,-2.40520686741679,3.10640047549487,3.92870767418799,1.36444829955351,0.861896150326403
160616M090,V1,-2.01251619400033,1.27885872300895,2.38447081435896,0.913537602591518,0.825497397857476
160616M090,V1,-2.60018388347017,1.9740785419369,3.26465041276915,1.25142441363293,0.92474557560459
160616M090,V1,-3.19262471651474,2.89608754652923,4.31047278818258,1.34329051869479,0.933393686407409
160616M090,V1,-3.14857300405723,1.88585448986702,3.67014429128196,1.24126282379128,0.92266524871396
160616M090,V1,-3.13741307929435,1.68619292085139,3.56182641301574,1.18748799772752,0.9320388282618
160616M090,V1,-1.78386067578098,3.24364462106656,3.70180892785835,1.4191901926506,0.773169472917479
160616M090,V1,-0.443364677792652,1.62450514391149,1.6839207820171,1.002652299804,0.744754899272904
160616M090,V1,-1.10785540776254,1.97359151941131,2.26327353406542,1.18009926746851,0.826521031188301
160616M090,V1,-1.44472487296351,2.80912983814751,3.15886694973531,1.30558990073463,0.907187787657488
160616M090,V1,-0.955428453765814,1.88521630892492,2.11350042860223,1.1913238574038,0.874405649333743
160616M090,V1,-1.41445397838763,2.31891257675503,2.71625396375398,1.27214648887353,0.866848580985482
160616M090,V1,-1.99612421039331,2.06306121598543,2.87066776973957,1.25144738558741,0.93935941404698
160616M090,V1,-2.05218140004035,2.58698554770947,3.30211185799773,1.35287042693053,0.933877458709234
160616M090,V1,-2.63706774643556,2.33954385786974,3.52527896232153,1.35906274393112,0.944004258962007
160616M090,V1,-2.66323421217882,2.67861069766096,3.77727040844887,1.36467967854639,0.940071518820264
160616M090,V1,-1.20412298420492,2.72026115135476,2.97485006221498,1.26480550613963,0.742530246567065
160616M090,V1,-1.07306243236225,3.25248010392245,3.42492186920499,1.27623114150375,0.733477887872943
160616M090,V1,-1.06916756575749,2.59726395231836,2.80871844827497,1.28947320129664,0.819471413610453
160616M090,V1,-0.460008263782143,1.94734637723147,2.00094115747175,1.37907872286667,0.755485176456216
160616M090,V1,-1.30687769380784,2.30940238386109,2.65353889686128,1.29623142858929,0.866332084889381
160627F008,V1,1.90396707298628,-0.993338381895888,2.14751292335192,1.06712070303454,0.824322437055301
160627F008,V1,1.95344243265877,-0.848454607300961,2.12974471671185,0.900735083781154,0.829515707339801
160627F008,V1,1.23330326497817,-1.10498604821884,1.65590794133131,0.678138415213701,0.821125064715401
160627F008,V1,3.35813829571336,-1.68134290522149,3.75553015938832,1.29939836218787,0.84677119768312
160627F008,V1,2.83149971162562,-0.953184696767964,2.98763312391074,1.32324562248296,0.877678436705341
160627F008,V1,1.72194228049394,-0.95322998691689,1.96818002868392,0.86018760858186,0.818537884984703
160627F008,V1,2.6795105883774,-0.961310806126936,2.84673417431326,1.44390590611497,0.802790173433093
160627F008,V1,0.57407498605336,-0.1417011745919,0.591304754329685,0.277784719882753,0.813593493546219
160627F008,V1,0.823950755177536,0.408058865606393,0.919460105038608,0.660078682987284,0.829995849939517
160627F008,V1,0.806747288849256,0.880788072340705,1.19441567992189,0.807636374095422,0.777477138634319
160627F008,V1,1.76544817220737,-0.870508300041824,1.9683983207654,0.65944304863922,0.807289060183255
160627F008,V1,2.41672276144597,-0.777015314649581,2.53856292119991,0.965750718570809,0.802795435413961
160627F008,V1,1.06714350761426,0.394960524986855,1.1378879919136,0.759792163843753,0.774952709917836
160627F008,V1,0.765095876448637,1.16161841848304,1.39094538006269,0.980633808009267,0.782411383238351
160627F008,V1,2.05420072428641,-0.67197120185376,2.16131578252221,0.892058605659548,0.791166882170087
160627F008,V1,2.9158589969952,-0.440557143453225,2.94895308321538,1.23295111778173,0.815042491623504
160627F008,V1,1.35333767967125,0.366069109361499,1.40197341916553,0.263491319701938,0.85542695039232
160627F008,V1,1.23501111113489,0.642170489523406,1.39198972059472,0.572951197121649,0.822365356076754
160627F008,V1,0.958396687999765,1.24368033374143,1.57011623267328,1.01689813020383,0.805980834312666
160627F008,V1,1.72778554296258,0.43218837997056,1.78101928070756,0.526292365684004,0.886093544045523
160627F008,V1,1.59104956361484,0.717349918406079,1.74528783279899,0.685290143966012,0.88268570963043
160627F008,V1,1.28471637461153,0.94604561362751,1.59546183478605,0.712289857390876,0.800510212718879
160627F008,V1,2.09256689603636,0.624067409316289,2.18364290710683,0.563180212313429,0.872675578651131
160627F008,V1,1.94359074960652,0.665109806813985,2.05424342692783,0.547447849771792,0.886099434960326
160627F008,V1,3.77631283066603,-0.177644790849229,3.7804888925599,1.06167637407619,0.828310900566763
160627F008,V1,3.11985903855233,-0.178603750494927,3.1249671550478,0.900897566393318,0.830532177270284
160627F008,V1,4.44838615262015,0.272971529362798,4.45675361879758,1.45453908168455,0.873642571118016
160627F008,V1,1.36640880412437,2.46587321727422,2.81914947167739,1.16705542028243,0.858930826506237
160627F008,V1,1.02276473505074,2.80104973129052,2.98193348356836,1.13718374104943,0.839936744093348
160627F008,V1,1.11128522026676,2.13269772623112,2.40486058478547,1.16802070895641,0.851547891552793
160627F008,V1,0.73364275871701,1.27203068646749,1.46843241748909,0.929040179792353,0.885634890297297
160627F008,V1,0.288977113163198,0.526724589720227,0.600788286626892,0.411440774270266,0.841852402824407
160627F008,V1,2.504557093724,1.5894749926583,2.96635078640563,1.35480907153228,0.784905691683528
160627F008,V1,1.980566529331,0.397926565629461,2.02014586818376,0.683588202888293,0.848508460186042
160627F008,V1,2.2956066703353,0.551141275038727,2.36084025083004,0.74123566088546,0.857575585617929
160627F008,V1,2.16591061241598,0.63994624386515,2.25847293010416,0.73906542654206,0.872896926542093
160627F008,V1,2.01856834620004,0.625304382787135,2.11320224763593,0.76497863256331,0.822830722044416
160627F008,V1,3.21859112381601,2.05428774914224,3.81830158297941,1.49862197653422,0.810128734517493
160627F008,V1,2.49847626694525,0.756992854534945,2.61063628993118,0.926048809492681,0.813910268649852
160627F008,V1,2.37722412252477,0.545058110562434,2.43891018133173,0.761652532431116,0.803267335507083
160627F008,V1,2.2279131941968,0.612463481267757,2.3105645883123,0.756287624338117,0.800532307160885
160627F008,V1,3.10254341075307,0.125477773717451,3.10507975538542,0.97923166733733,0.803821724137999
160627F008,V1,3.46321730129941,1.36970479312706,3.72424023074973,1.34628413549573,0.81155793515151
160627F008,V1,0.755070916253919,2.83434887797975,2.93320058139187,0.944918652270952,0.804057666222178
160627F008,V1,1.00618342665217,2.51698193350129,2.71064625903886,0.796935035600342,0.77363421439141
160627F008,V1,0.695056645954488,3.62655217237951,3.69255797518144,1.14795900195661,0.866766611013684
160627F008,V1,0.674547678472178,2.90124292896749,2.9786280572465,1.00336346138146,0.891440394150252
160627F008,V1,0.973678162691116,2.48882602483038,2.67250896095308,0.923326760945331,0.878796062859863
160627F008,V1,1.06556879413076,2.65079606460376,2.85694883243366,1.13627858766318,0.873951367740136
160627F008,V1,0.896756163642108,1.85045844565641,2.05629960757942,1.02096239871965,0.893455259033482
160627F008,V1,0.733703669954015,0.952551583714622,1.20236250562849,0.70942846873163,0.828455550166467
160627F008,V1,0.509755205343664,1.12889070148376,1.23864627124593,0.612530536796004,0.873657982602882
160627F008,V1,2.1542592139692,1.35688264409343,2.54597000587462,0.893586573336453,0.795300685112461
160627F008,V1,1.75070212742184,0.546061688909715,1.83388693955061,0.562114026412063,0.841555336595678
160627F008,V1,2.81051651034986,1.26439030434687,3.08183158149103,1.09989344124314,0.893126557956392
160627F008,V1,2.54411569142831,0.741420840509102,2.64994896443553,0.957747688374836,0.836386432346829
160627F008,V1,2.27485307222014,0.855876276737164,2.43053095048611,1.09134152617697,0.81443727126947
160627F008,V1,3.82123406049892,2.17159541191682,4.39518559086818,1.42750041296252,0.905497724939933
160627F008,V1,3.17063882895324,1.32663886777865,3.43699305631638,1.14902728164193,0.907947427982727
160627F008,V1,2.742849434214,0.577709735506117,2.80302899686511,0.861579071016934,0.865860672035433
160627F008,V1,3.25988787665543,1.13136209945247,3.45063025669841,1.09790986463114,0.916588836404326
160627F008,V1,0.597292625208598,3.2585873067023,3.31287635077585,1.31379475098677,0.800669543384935
160627F008,V1,0.589894202557074,2.54564239558339,2.61309593708344,0.915652935708088,0.798797408416451
160627F008,V1,0.331221645341856,1.81265373304409,1.84266690811487,0.846873641641336,0.77291989386515
160627F008,V1,2.43283530373177,3.71441329088161,4.44022000699983,1.60388848920149,0.802708620398968
160627F008,V1,1.70506695313624,3.16445142754077,3.59458010787659,1.28916080909889,0.822274730980321
160627F008,V1,3.38992951382675,2.06465388190885,3.96918351311638,1.57907261447827,0.854089795409454
160627F008,V1,1.91753379705118,2.35685903234179,3.03837462488821,1.54412137597365,0.865426071350791
160627F008,V1,2.40827325012082,1.34915270491384,2.76043349284561,1.41625883663834,0.793899705269193
160627F008,V1,2.55918319138082,2.06884334220867,3.29082533441798,1.36812324306536,0.903066167789038
160627F008,V1,-1.02929540304417,-0.160550679911356,1.04174159346157,0.253987239497129,0.822272242582921
160627F008,V1,-0.894252742975117,-0.112882717577688,0.901349253201135,0.272596480643098,0.798509092170081
160627F008,V1,-0.948846268541485,-0.189591648711445,0.967602312205911,0.240519441454794,0.79840933405473
160627F008,V1,-0.947318512583123,-0.283054308066104,0.98870223302948,0.248701001269389,0.781618756595922
160627F008,V1,-0.913455722787662,0.0684066997160875,0.916013555609073,0.46932271682607,0.789273906879685
160627F008,V1,-1.09511563487967,0.0421289609749835,1.09592568320609,0.436955379674251,0.879166485866236
160627F008,V1,-0.989287190465429,-7.78145553534697e-05,0.989287193525766,0.418821680944624,0.8676573132674
160627F008,V1,-1.05941106169585,-0.09183040032087,1.06338357146733,0.547077290761375,0.810420057037589
160627F008,V1,-1.11602789208408,-0.114478479735159,1.12188394151628,0.419449068452074,0.877984134750471
160627F008,V1,-0.981220236673823,-0.344421743526451,1.03991321285578,0.285919174514081,0.782745522516134
160627F008,V1,-1.08033141533823,-1.84079105219905,2.1343916381074,0.743914825648667,0.786551630556758
160627F008,V1,-0.812309048344937,-2.11775257626314,2.26819795527026,0.756172858947475,0.799919021453599
160627F008,V1,-0.462532878776506,0.950958231769289,1.05747729172737,0.760978795616228,0.897596893203407
160627F008,V1,-0.620432727241121,1.02041945446565,1.1942330727642,0.761138547977441,0.857927443102787
160627F008,V1,-0.737324125833665,0.520005435545892,0.902248590762907,0.804547866143092,0.847238074926517
160627F008,V1,-1.43323392314614,0.290059061783724,1.46229057911884,0.662661453886832,0.777036078667424
160627F008,V1,-1.3289945735425,-0.113459710163082,1.33382895542708,0.61667644170197,0.827113378052884
160627F008,V1,-1.09375657920494,-0.486202163426179,1.19695279701181,0.694992036163823,0.784671177629266
160627F008,V1,-1.48649376477806,0.0511172633695805,1.48737241044012,0.629637421841206,0.793418833298119
160627F008,V1,-1.41394627840954,0.0144792414648206,1.41402041239212,0.558285019327757,0.79872014229906
160627F008,V1,-1.68431226571475,-2.40905651884258,2.93946612829865,0.906699500560958,0.7948213941442
160627F008,V1,-1.17024285978736,-2.44271780971572,2.70856763784581,1.21394637354928,0.824241918262341
160627F008,V1,-1.57278227439555,-2.84612566101303,3.25178033712761,0.849243428817856,0.871312851422081
160627F008,V1,-0.514907303573004,1.04657534172243,1.16638307479758,0.700152160037296,0.817128175775675
160627F008,V1,-0.540803652703719,1.11454510032313,1.23882176741934,0.787247342146053,0.857935118658045
160627F008,V1,-0.677729920378527,0.633675162328119,0.927826522755118,0.834551637047078,0.849084602399752
160627F008,V1,-0.611476120068915,1.14162053757733,1.29506775777675,0.6667003320527,0.819242737658028
160627F008,V1,-1.76228788122922,0.251847883826871,1.78019266735807,0.937204958539604,0.784226821556483
160627F008,V1,-1.79615119122425,0.0853133941567494,1.79817615292797,0.755408740579396,0.813398356606534
160627F008,V1,-1.716834269629,0.0360926952747969,1.71721361281139,0.642608614557741,0.808169802500292
160627F008,V1,-1.42139663667228,-0.513348158034123,1.51125601077392,0.580387667211081,0.835366035441331
160627F008,V1,-0.660690952755644,-1.1279707786751,1.30722248014562,0.866400834534449,0.820189538238847
160627F008,V1,-2.51057581759819,-2.29510509404454,3.40154352149403,0.997476375582959,0.888376022919128
160627F008,V1,-2.47763483544998,-2.95684066409101,3.85766523828305,1.11381691974223,0.881042548387015
160627F008,V1,-2.49720955475551,-3.16007466617021,4.02767022683498,1.20241021949349,0.856703555437525
160627F008,V1,-2.42674239677987,-3.76605153680336,4.48020343714299,1.17667509205744,0.884595627238502
160627F008,V1,-2.52094971794554,-3.50737134924288,4.31935657961918,0.98300835182468,0.810623752009688
160627F008,V1,-0.394624485025572,1.24890660709792,1.30976952073048,0.733171869929148,0.829207869763826
160627F008,V1,-0.591342999789143,1.07543008292285,1.22728823291641,0.786054092465695,0.825832252886966
160627F008,V1,-0.454609935579388,1.02669376681744,1.12284027552866,0.740821011228952,0.780578379854143
160627F008,V1,-0.941125958270644,0.921113186474299,1.31687796383252,0.920039855853383,0.850930948054015
160627F008,V1,-0.866720639623836,1.00288248000359,1.32551044350775,0.864400388875641,0.876497932753067
160627F008,V1,-1.52394678021007,0.606047200176307,1.64003262094209,1.00649830721654,0.785993475407034
160627F008,V1,-2.01905942183995,-0.275233904910711,2.03773272323263,0.807488505712435,0.774857775890395
160627F008,V1,-1.87580044518578,-0.569843053788331,1.96044597377994,0.944219069915346,0.772603071506603
160627F008,V1,-3.31055681617241,-1.99626343122151,3.86585748831199,1.03960037425518,0.786398671503267
160627F008,V1,-3.27900110169069,-2.60274495178265,4.18642204142377,1.10800623353105,0.872783137687053
160627F008,V1,-1.17299993564193,1.06793065025043,1.5863179765609,0.976491651876627,0.879513749313265
160627F008,V1,-0.966206279563793,0.997575727218523,1.38878072646623,0.939930814231827,0.878031899383165
160627F008,V1,-1.46653187839912,0.827952356623574,1.6841083264444,0.939673440533318,0.902212236129066
160627F008,V1,-1.38905823735041,0.882082016824227,1.64546390758221,0.950856972920839,0.904755392572009
160627F008,V1,-1.46078777114245,0.596405419752751,1.57784674066583,1.07615435340502,0.83939147578154
160627F008,V1,-2.72396117542365,-0.807666338767085,2.84117746717674,1.19668444584757,0.854787453709786
160627F008,V1,-1.92080291768061,0.519170502427363,1.98972909190197,0.829406946408693,0.806116035794964
160627F008,V1,-2.0415446430121,0.280218469793504,2.06068603145284,0.694614552259748,0.815498930576273
160627F008,V1,-2.23638822730987,0.151677391565664,2.24152589419849,0.739794031912017,0.838731998785459
160627F008,V1,-2.22488137008304,0.195562310153642,2.23345958729842,0.791575914015545,0.796768639512175
160627F008,V1,-2.32778947358888,0.235538371313305,2.33967565224586,0.855745608249948,0.852583770249998
160627F008,V1,-2.3194547771991,0.0931082194856297,2.32132281339919,0.71494847219637,0.83996452591533
160627F008,V1,-0.183560331541819,1.75704703721372,1.76660937569607,1.00881531365137,0.843482237373825
160627F008,V1,-0.579401107652117,1.39589860084417,1.51136975865842,1.20417881997048,0.778391122707654
160627F008,V1,-1.66963534281642,0.970424784248697,1.93116711857515,0.991520793282429,0.855373053693084
160627F008,V1,-1.49380207583902,0.940894072992389,1.76542524576182,1.09595000598626,0.869056535292241
160627F008,V1,-1.62588299164085,0.940161354247123,1.87813707554235,1.0927049544518,0.796489560532283
160627F008,V1,-2.29206229239345,0.457013855251024,2.33718018477466,1.03319877127446,0.795485408091045
160627F008,V1,-2.62487678277747,-0.0669775675215571,2.62573115899463,1.4252336195866,0.87071746883691
160627F008,V1,-3.62601889211675,-0.593487326827904,3.67426730289087,1.64743234691014,0.83457309009795
160627F008,V1,-1.71061517667838,0.765179362578748,1.87395403881707,1.03311020849444,0.782758936780724
160627F008,V1,-2.46317799358727,0.206681249139515,2.47183392784356,0.980916631808055,0.888415997008503
160627F008,V1,-3.00339273353312,-0.35956812420337,3.02484002019655,1.34782854198209,0.866851806163941
160627F008,V1,-2.343043823264,0.330148327495333,2.36618939983332,1.10640894752044,0.790181833952204
160627F008,V1,-2.5049115066659,0.180407027714845,2.51139967983516,0.942285728935074,0.812065079781368
160627F008,V1,-3.37043383331381,1.96565140972614,3.90174444182404,2.16654767623286,0.776451402177438
160627F008,V1,-1.74952931776157,0.944887464302457,1.98838254717325,0.994199339597238,0.846642965694317
160627F008,V1,-2.14501288641538,0.877267344002475,2.3174723894237,1.13205656326003,0.807948010738729
160627F008,V1,-2.62829225484352,0.227125710812838,2.63808761518314,1.10342073548825,0.844157915788823
160627F008,V1,-2.56990163914889,-0.0391547972321602,2.57019990137858,1.14380244961689,0.773093996586482
160627F008,V1,-1.87961847480392,0.951417650271564,2.10669436702918,1.27411648615394,0.819683794735926
160627F008,V1,-2.59245212243256,0.320067386036296,2.61213535995155,0.859058551078465,0.890332878803873
160627F008,V1,-2.96257544209845,0.0721225850360645,2.9634532082348,1.26129881771816,0.886199817664508
160627F008,V1,-3.06401502963774,-0.207082032118026,3.07100489577468,1.15869996944293,0.824424181467479
160627F008,V1,-2.6793089211345,0.152559221011482,2.68364874951745,0.819892440937517,0.884759347987889
160627F008,V1,-2.70342810691592,-0.0991544824119955,2.70524585585957,0.929025146290523,0.915811739998454
160627F008,V1,-4.42130930281873,-0.600273198750842,4.46187223756239,1.28726823935325,0.789274155660945
160627F008,V1,-3.08714124514698,1.61522376971209,3.48416258141473,1.78686004263715,0.786144055902876
160627F008,V1,-1.76108248799099,0.869641149704359,1.96409960510349,1.12615302144059,0.780222498240357
160721M100,V1,1.56646295558407,-0.377828270652578,1.6113846199221,1.24520224907352,0.776411157280901
160721M100,V1,1.58522814670734,-0.56541048400255,1.68304405543444,1.19700579729891,0.709599817107616
160721M100,V1,0.86540258901012,-1.12562445954622,1.419842267646,1.2089177591414,0.875952195827755
160721M100,V1,0.800709548282201,-1.29316954968006,1.5209941699198,1.15191832343944,0.913769017227997
160721M100,V1,0.85048093521444,-1.11637618661083,1.40342923269931,1.25984874134445,0.901355890322869
160721M100,V1,0.967065829632199,-0.401538236823602,1.04711473796983,1.19996930224045,0.845140336838432
160721M100,V1,1.99526585128138,-0.786454659413288,2.14466704842558,1.53690170492882,0.820676258282785
160721M100,V1,2.25733562207128,-0.00487416913853243,2.25734088435857,2.40465805718058,0.697260888399941
160721M100,V1,1.56872429513968,-0.18811987568313,1.57996360774181,1.38124598713186,0.822988413501347
160721M100,V1,1.61309241912533,-0.81224138301231,1.80604629423428,1.92332144754588,0.789441363625921
160721M100,V1,2.11533699946486,-0.963951438158986,2.32461889272925,1.89470793166617,0.803134901641351
160721M100,V1,1.93763698385258,-2.1356874036609,2.88367781961667,1.99588118507555,0.761814500940129
160721M100,V1,0.963037315757745,-1.70494776422526,1.95813374167307,1.66029718702316,0.778904085811444
160721M100,V1,1.54277483799358,-1.09403414102083,1.89131301017714,0.868283767262344,0.759920087274414
160721M100,V1,1.6070449982959,-1.06956865615159,1.93043278483603,0.971491018631067,0.841718154453574
160721M100,V1,1.03013744261959,-0.702783686283718,1.24703169983499,0.777318465315351,0.75542930830089
160721M100,V1,0.471373338698647,-0.0287033419776608,0.472246446547347,0.606178840395498,0.77144422037744
160721M100,V1,2.17144392278903,-1.26777914182052,2.51444480198961,1.21462431912711,0.835902571408251
160721M100,V1,1.79449371541899,-1.35386427236356,2.24792263271242,1.04927445592788,0.881805887581831
160721M100,V1,1.31820189987817,-0.446123285186979,1.39164730964007,1.08719645911394,0.856841043564107
160721M100,V1,0.62647058655503,-0.104279195824926,0.635090187690297,1.00335037582204,0.764590696640203
160721M100,V1,2.26286612625694,-0.284047577917127,2.28062406632082,1.37076461715422,0.85102645538412
160721M100,V1,0.849538004318648,-2.01635498962683,2.18801331462465,1.47679311205266,0.767628402179853
160721M100,V1,0.398382849190083,-1.79264403717023,1.83637728654293,1.11326061130222,0.784539716736264
160721M100,V1,0.782143118097955,0.0457726690609528,0.783481329975996,0.253694663632135,0.794903227098417
160721M100,V1,0.728097529514107,0.0150238641582761,0.728252517317169,0.220372022214895,0.754835732321799
160721M100,V1,0.65073735287703,0.118329080770567,0.661408250466693,0.218610754378961,0.820528835916782
160721M100,V1,0.646872420468351,0.164319602024106,0.667416556561151,0.732157377484133,0.76189697327904
160721M100,V1,0.790647766918032,0.469559778046857,0.919570702280082,0.712991510078538,0.833999805062138
160721M100,V1,0.699157926651048,0.196277166442109,0.726186293223396,0.733721483879507,0.827211299449568
160721M100,V1,1.39590886910873,-0.181852017230337,1.40770441749224,0.889988756715254,0.738364037717787
160721M100,V1,0.791949256608479,0.104339628566932,0.798793079046263,0.886934452079917,0.805427229573719
160721M100,V1,3.48956820958454,-0.802645646901366,3.58068796795152,1.82050783381666,0.751209195452186
160721M100,V1,2.14857345052933,-0.261956631038508,2.16448357555897,1.53837573131922,0.84377130590518
160721M100,V1,0.828548314189182,0.323230120935585,0.889364953225484,0.332206612417839,0.781187327562214
160721M100,V1,0.662594992053522,0.222321289203718,0.698898332468758,0.287677757289829,0.778830291716632
160721M100,V1,2.37784994996336,0.286571680014348,2.3950560979499,0.427423712417705,0.777423079282346
160721M100,V1,1.08616923837381,0.293453791175979,1.12511276854594,0.296584553271987,0.836425524697633
160721M100,V1,0.745341816849102,0.249575436222093,0.786016744293255,0.299035977204362,0.874124678981366
160721M100,V1,0.592211096741942,0.167017537206127,0.615311986587856,0.255376973063747,0.819189697698832
160721M100,V1,2.695692580382,0.612159819919094,2.76432598169064,0.678290343691959,0.788491191931286
160721M100,V1,2.57776323582832,0.158672718289723,2.58264212223017,0.925217915152284,0.719766815902118
160721M100,V1,1.51634471216271,0.122189893294909,1.52125989105321,1.13077372856818,0.713384834367665
160721M100,V1,0.825115779727901,0.208742654682076,0.851110771779856,0.2992453393109,0.876900146025405
160721M100,V1,0.77502197138114,0.327695505199883,0.841453147983722,0.364785450035475,0.861907538933036
160721M100,V1,0.897616455981856,0.665437758447216,1.11737313034486,0.581391230864972,0.879069724990498
160721M100,V1,0.617819182547012,-2.04609955108133,2.13734038357448,0.309046464535069,0.725977522789192
160721M100,V1,3.12603134114205,-0.136042285831634,3.12899016446787,0.886751303295654,0.747409343924251
160721M100,V1,3.34280222870714,0.323116328305834,3.35838218519978,0.85616143187188,0.75397583793642
160721M100,V1,0.844930442546757,-0.105911388521625,0.851542526806992,0.15892358427054,0.812013968580102
160721M100,V1,0.905521308061573,0.198204367502786,0.926959443908266,0.406256329934916,0.742611560555143
160721M100,V1,0.942636653973013,0.44433786043769,1.0421132355132,0.439243357715542,0.847041312305488
160721M100,V1,0.835507757670737,0.570901026398119,1.01192944174503,0.627420328508048,0.837488105249298
160721M100,V1,0.997357983510371,0.0752481310071223,1.00019259569942,0.471567961500614,0.871197643922797
160721M100,V1,3.02401855592166,-0.88055975877123,3.14961485190265,1.07287996447118,0.735133332548262
160721M100,V1,2.7219962094066,-0.63595782622366,2.79530064943989,1.13605210830611,0.750776858533534
160721M100,V1,1.20009868927945,0.116079347012765,1.20569949772453,0.722270039722736,0.91333129884862
160721M100,V1,0.975270100130683,0.0459378737107461,0.976351400086044,0.58561521063517,0.879217364186282
160721M100,V1,0.25117027207196,-0.787054502323932,0.826160574707529,0.688829569070942,0.718920040296852
160721M100,V1,3.13800915056466,-2.23162636677944,3.85061782963887,1.28435774110842,0.77874057381006
160721M100,V1,3.66788161146977,-0.401965289061985,3.68984167808983,1.09454751195845,0.791669898342852
160721M100,V1,3.40855634293959,-0.212092136243954,3.4151485205259,1.14693052245041,0.771032054489441
160721M100,V1,2.62311791230621,-0.148651021779005,2.62732653245416,1.01604470862586,0.768702002628179
160721M100,V1,1.58659739276416,0.0419008275408818,1.58715058078137,0.985441167301162,0.881473745557616
160721M100,V1,1.3903592835404,-0.363146804270798,1.43700192720089,1.11094420667382,0.787331551697211
160721M100,V1,0.275078913233727,-1.57652271632569,1.60034130222174,1.35351139890332,0.747821257255313
160721M100,V1,0.220733199646121,-1.41682059681159,1.4339120436678,1.097897943641,0.830361192642615
160721M100,V1,2.8022610819969,0.105483220610219,2.80424568850604,1.06180592067329,0.809189319653298
160721M100,V1,2.3527551709654,-0.0281694000804234,2.35292380021226,1.1765196328024,0.816415430960602
160721M100,V1,1.07897484174074,0.663689622008831,1.26675594471535,0.82925666068019,0.729735115400168
160721M100,V1,1.06135608347641,0.631808014837656,1.23517533311894,0.946150066196349,0.712825636020385
160721M100,V1,1.06132550032,0.787405680522864,1.32152166964797,0.980926436351474,0.753369727230293
160721M100,V1,0.96082916565191,0.56514136687855,1.11470958106796,0.940446930494127,0.709461553024172
160721M100,V1,1.24556063266127,-2.91544144401992,3.17036592574808,1.45121502316792,0.705630208247432
160721M100,V1,0.633807948633381,-1.10250045794514,1.27169956181485,1.37191118224411,0.699149736555528
160721M100,V1,2.14620777177848,1.62423820247249,2.69153442073725,0.658044148313945,0.719243652054664
160721M100,V1,1.70092910572912,1.10703296228617,2.02945357234517,0.619872878044056,0.764131624356448
160721M100,V1,0.902153024503541,0.723094366412036,1.15617712412835,0.670745276270146,0.70280759643222
160721M100,V1,2.63095198617158,1.52860471117931,3.04278502635,1.20681318342624,0.750172097335537
160721M100,V1,0.99604765335136,0.69614606099801,1.21520791060205,0.361992953964359,0.751665097262921
160721M100,V1,0.926118913163604,0.518889991218756,1.06157574591092,0.147661027611792,0.735533029978943
160721M100,V1,1.16075251409298,0.483641713166387,1.25747990269733,0.812400969821181,0.707410293243495
160721M100,V1,1.16309454483229,0.572485685380994,1.29635210501807,0.460516675610085,0.78353582734808
160721M100,V1,1.18507749941825,0.758613073590977,1.4070900735385,0.565809451075901,0.864281562245861
160721M100,V1,1.23260612344052,0.521428510541947,1.33835927431653,0.555794071615207,0.788792802226011
160721M100,V1,1.38094504827752,0.653225758061716,1.52764954009665,0.65579006217704,0.842822652225467
160721M100,V1,1.19208808812257,0.505241340630487,1.29473658406867,0.442685428305144,0.786556687008922
160721M100,V1,1.42960011855562,-2.48170939551298,2.86402479436748,1.11788128740666,0.783148711661345
160721M100,V1,0.824739507222022,-2.74092973515607,2.86232267011173,0.943214095779663,0.808818041974178
160721M100,V1,1.21382604065022,-3.00206781503828,3.23817615688976,1.33566549330206,0.880793166224689
160721M100,V1,2.26481650345869,-3.56894245797561,4.22690715094144,1.96285598708783,0.763955791840814
160721M100,V1,1.41700730676705,-0.266596852909204,1.44186809015676,0.685485185135521,0.787091707097786
160721M100,V1,1.1068631819789,-0.351361070945961,1.16129268739485,0.727468743224941,0.770776527486451
160721M100,V1,1.95861242893119,-0.0386450665687107,1.9589936416267,0.972721061761633,0.738169468963188
160721M100,V1,1.3628862532611,-0.380599579200127,1.41503179434789,1.09933993158044,0.72994981856055
160721M100,V1,2.68211036781636,0.553907746900172,2.73870951676588,0.84219772636102,0.711727478256948
160721M100,V1,2.79466281299577,0.238704093907402,2.80483865539349,1.2769965052239,0.749112131279535
160721M100,V1,1.33878287257111,-0.996359538723351,1.66885347178677,1.4931941284707,0.834653054795399
160721M100,V1,1.12691605495332,-1.09652436088813,1.57235666085423,1.31897885153287,0.8485330082975
160721M100,V1,2.98639585287315,0.255863159891989,2.9973365087437,1.19274110612099,0.724385655813056
160721M100,V1,1.20493108297016,1.01604324772157,1.57613539898964,0.930427178304769,0.719610853969776
160721M100,V1,1.19107226177172,1.06590088634343,1.59837349586062,1.06697204624853,0.754517772452908
160721M100,V1,1.43848943824554,0.930900857322104,1.71342588696068,1.14137865969666,0.731359575544351
160721M100,V1,1.59686514578491,1.87877370667673,2.46571874607029,0.470410180573936,0.730157890027651
160721M100,V1,1.19360603000305,3.90831362576296,4.0865157227379,1.00463294878241,0.713319793710271
160721M100,V1,1.68621278335465,1.94116568147541,2.57127162191912,0.16744607548187,0.740643191164903
160721M100,V1,1.24361484714081,1.5127687961315,1.95832768416785,0.2737450723369,0.822947801837439
160721M100,V1,1.02616784560707,1.12730169766425,1.52441121909888,0.324702982188268,0.789784970820171
160721M100,V1,0.977596131935564,1.20551932940152,1.55208603200211,0.359887633928566,0.811702531277642
160721M100,V1,1.1398363626314,1.4065914611206,1.81044924592604,0.743241067067052,0.786223640743577
160721M100,V1,1.11261143742838,1.2595073747879,1.68055438407733,0.626171497990271,0.910042811174273
160721M100,V1,1.05719058032235,1.26013041727581,1.64486491593262,0.704211925281953,0.903404043005303
160721M100,V1,1.75466741018422,0.926318495642315,1.98416825791858,0.744547602736009,0.861449118887057
160721M100,V1,1.606847242964,0.874615013553533,1.82945606237325,0.796427808527689,0.864307945052546
160721M100,V1,1.37504641039639,2.19513074712925,2.59024161570618,0.641717318546129,0.71474959563389
160721M100,V1,1.21710558600574,1.68947120187025,2.08222451945877,0.8481374283369,0.703694263816008
160721M100,V1,0.879354322701949,1.58304674344501,1.81088404288802,0.943597158841765,0.76670084630639
160721M100,V1,0.716598532836996,1.46566015140733,1.63146349535853,0.839669221543393,0.7799227091228
160721M100,V1,0.869484390706147,1.54371439987761,1.77173848354409,0.891668372082974,0.739698808488874
160721M100,V1,0.30183153167781,1.17222745765766,1.21046250912678,0.361458424650265,0.849158045438638
160721M100,V1,0.839035382136118,2.98793796597487,3.1035066716523,0.593668912565238,0.758578657931538
160721M100,V1,0.615526054887715,1.69439498286879,1.8027331145282,0.625141026700698,0.829736034505307
160721M100,V1,0.620683900136979,1.60157910700455,1.71764493999277,0.48620930793201,0.885011467475825
160721M100,V1,0.584014884662508,1.41238113800876,1.52836313241006,0.486579957794039,0.897526613732778
160721M100,V1,0.928331574122083,1.26650524549903,1.57029775787541,0.102643850010678,0.705595297247073
160721M100,V1,0.762797537652868,1.69999840815455,1.86329135434512,0.563006680561861,0.93057508487862
160721M100,V1,0.603159725284004,1.48453633009169,1.60238876979551,0.525933608512967,0.912083031555866
160721M100,V1,0.266266503385944,1.84852508011902,1.86760349717343,0.86899911199857,0.745514364752822
160721M100,V1,-0.604746869411867,-0.16204084136636,0.626079875362698,0.166379160249372,0.82232067332827
160721M100,V1,-0.471207476199681,-0.760085415612929,0.894296552969959,0.558538254703481,0.774706506895376
160721M100,V1,-3.0686147555831,-2.20787543602793,3.78035850934774,1.65200056655479,0.745500979455592
160721M100,V1,-1.2592181017263,0.188709318473215,1.27327979430831,0.241037164827501,0.829937253213538
160721M100,V1,-0.323161972731474,-0.819603654914838,0.881012946425567,0.278025627837811,0.821003794247031
160721M100,V1,-0.593509591229375,-0.853403312922216,1.03949547829121,0.400789188478063,0.902489772755506
160721M100,V1,-1.11475029160331,-1.04642347461531,1.52894417846291,0.386660482958693,0.767272247292156
160721M100,V1,-2.91335106454208,-2.85116242732028,4.07636377329494,1.08037598525462,0.823910766327397
160721M100,V1,-2.46109843619575,-3.72432458964633,4.46403395615327,1.03365362566425,0.809298161652862
160721M100,V1,-1.55280413300455,0.0995450646617012,1.55599161160159,0.483867033465868,0.746757879482876
160721M100,V1,-1.84835884112636,0.406640076410193,1.89256084639645,0.209600892279431,0.735983072497146
160721M100,V1,-1.62086632594301,0.396564809948411,1.66867351362255,0.221199172882529,0.78280056315327
160721M100,V1,-1.54666669483102,0.306109671205044,1.57666768715058,0.204451364519292,0.749471365087402
160721M100,V1,-1.69214490130225,-0.0612112453417897,1.69325165984253,0.43730882471419,0.81800990790588
160721M100,V1,-2.01435084014659,0.368639615138801,2.04780479368737,0.251059667766525,0.74732337258487
160721M100,V1,-2.00593251890015,0.427680856235927,2.05101832882395,0.328184440873774,0.799814878791841
160721M100,V1,-1.87760853164885,0.298370827100774,1.90116778549011,0.49771482426061,0.794216180700576
160721M100,V1,-1.85471239789802,0.00546598141269897,1.8547204522163,0.403511323785716,0.755029554454064
160721M100,V1,-2.18358457878449,1.0892533962696,2.44018740550604,0.517739583435089,0.755204791984449
160721M100,V1,-2.61543087520123,1.02827454004571,2.8103073128507,0.544169575039011,0.80208598300031
160721M100,V1,-3.18966648698502,1.06985498532054,3.36430705908521,0.692572029570922,0.787654306882659
160721M100,V1,-0.16693579782932,0.730379300167819,0.749213909848546,0.294594179190819,0.757783992198766
160721M100,V1,-1.57909214789945,0.844705997014311,1.79082668981386,0.539752581198298,0.797260988884576
160721M100,V1,-1.44643882939263,1.14047805035368,1.84197596903794,0.453802516391629,0.810098752196298
160721M100,V1,-1.45758766707141,1.31064374177023,1.96019101748787,0.472627279648345,0.766276244468046
160721M100,V1,-0.924848621365165,1.96728497692784,2.1738342054736,0.935685188526199,0.721500797358565
160721M100,V1,-1.08541251143894,3.45664282287751,3.62305118994181,1.39062272264115,0.786131175409114
160721M100,V1,-1.65818508432605,1.30561972513045,2.1105024616264,0.371529005343468,0.782617249535372
160721M100,V1,-1.62225456284962,1.52444573967648,2.22612773216278,0.550934308904222,0.790107178333397
160721M100,V1,-0.633611278500868,0.972347937723618,1.16057044777078,0.203751482089588,0.748419043625211
160721M100,V1,-0.931867098475891,2.41654020283398,2.58998896544652,1.54420035636703,0.756293554262143
160721M100,V1,-0.955407698228297,3.6754745835379,3.79761994992482,1.80819599199209,0.747824973677453
160721M100,V1,-0.164259050703812,1.26105667160766,1.27170946554011,0.109213885479815,0.749901973752582
160721M100,V1,-0.40265844366831,1.14487414628229,1.21361881704388,0.184696394547063,0.853181631096395
160721M100,V1,-0.254333772440507,1.32410860119026,1.34831348563672,0.224861831336451,0.76730785717789
160721M100,V1,-0.271321591458053,1.35054050561304,1.37752497737531,0.315894483241388,0.825173087791934
160721M100,V1,-0.643751177119628,1.79499808240466,1.90694354763829,0.785109729329237,0.824250239272695
160721M100,V1,-0.723259135349725,1.94190204123846,2.07221796986536,0.988446348752745,0.914921151419054
160721M100,V1,-0.618844939187713,2.62003709094248,2.69212990337995,1.17667235127336,0.878916325098582
160727F094,V1,1.7066565032232,-2.18236112749588,2.77044698754535,1.31539663829627,0.641970189216764
160727F094,V1,1.74702490520855,-2.23532857743001,2.83703892615068,1.45807573119757,0.827183912849064
160727F094,V1,2.97244157785199,-2.92773315315767,4.17217333650482,1.94529778032442,0.855717031284925
160727F094,V1,2.96597759772796,-1.93934929228977,3.5437407901438,1.30856333547354,0.711604527863311
160727F094,V1,2.25656371620442,-1.22595984694007,2.56808437392536,0.629946871084831,0.712941928681658
160727F094,V1,3.50599592783192,-0.474107627854732,3.53790693613668,1.08638718914054,0.845371315085165
160727F094,V1,2.61130238260602,-1.332364304707,2.93156865412722,0.809239539743002,0.823429886716819
160727F094,V1,3.97178921413042,-0.955356467974063,4.0850722811699,0.864648932566044,0.751973784819442
160727F094,V1,3.61475595133781,-0.509511761562198,3.65048802530598,1.10649472411945,0.756963590060002
160727F094,V1,2.5872123450295,-0.512160668422875,2.63741848566973,1.51244090123612,0.634558819700631
160727F094,V1,2.91272102866722,-0.558112858371252,2.96570965428506,0.950549735150478,0.67536692119194
160727F094,V1,4.43713196206094,-0.00985522597260179,4.43714290667111,1.23575946245661,0.780220047221958
160727F094,V1,3.78254534729043,0.200664616051208,3.78786425211404,1.29225171382916,0.813109580581896
160727F094,V1,3.24527725123456,-0.0121913807267083,3.24530015054765,1.16560749612072,0.796804112618584
160727F094,V1,2.29200859575937,-0.322987173695202,2.3146542111958,0.668322624818901,0.812042536390569
160727F094,V1,3.98711569977469,0.491506497269359,4.01729638441674,1.06690355023077,0.868820054161321
160727F094,V1,3.10917640497823,0.366857355131484,3.13074467759468,0.825515123594824,0.849097553011849
160727F094,V1,2.27223055115622,-0.520393309906511,2.33106003238938,0.565838573639622,0.665367827280291
160727F094,V1,4.14086500874445,0.201451664417971,4.14576238992793,0.921702965604372,0.875193419584071
160727F094,V1,3.66940696512103,0.552383003308613,3.71075119861504,0.965223448934331,0.885856453806395
160727F094,V1,3.27185007007359,0.614420885908443,3.32904128933257,0.78339554940372,0.877182067985797
160727F094,V1,3.06937212392365,0.420106953318535,3.09798887786031,0.756440773503733,0.826292787507039
160727F094,V1,3.37272560577888,0.453109988334119,3.40302610530755,0.584828464931088,0.777149544285252
160727F094,V1,3.36688189222624,0.512626808777263,3.40568347344231,0.924780439438564,0.838797138831575
160727F094,V1,1.59106400310356,0.821528686834884,1.79064068010993,0.0750893829603566,0.639787634319617
160727F094,V1,1.93578323924226,0.535769060809597,2.00855799912575,0.084722490607653,0.703581869754465
160727F094,V1,3.82484260006245,0.966126679352516,3.94497423005641,1.0612397386681,0.807365268236404
160727F094,V1,3.38321295633745,0.980302829879276,3.52237470269687,0.764945198306908,0.819632436977261
160727F094,V1,2.96733459573313,0.851450440263739,3.08707668438282,0.585409838639452,0.76280873095533
160727F094,V1,2.49859451451135,0.557480336263678,2.56003102974688,0.481400961110048,0.650480174571375
160727F094,V1,2.1913972684324,0.457339566981221,2.23861150439722,0.285584066760002,0.72691290596029
160727F094,V1,1.63100287627161,0.293753832492122,1.65724521315045,0.642503432106112,0.635139076354278
160727F094,V1,3.30010018034558,0.82879798554258,3.4025824459014,0.663340041982295,0.769828295587406
160727F094,V1,3.09663782961955,0.970132173458227,3.24504580581071,0.645802084207768,0.778080915810637
160727F094,V1,2.77859748360686,0.796926361070167,2.89062200933898,0.597090094400831,0.752761856070745
160727F094,V1,2.26613664026619,0.438121735634934,2.3081000687996,0.578466773485319,0.699307946528581
160727F094,V1,4.09419488442493,1.35585646140754,4.31286198429672,0.169707706212888,0.640491794876684
160727F094,V1,4.313056230721,1.03164893434223,4.43472136363613,0.694491522694647,0.695840854536395
160727F094,V1,3.65288133380083,0.856723466057573,3.7520017505492,0.646947139513769,0.766932064673129
160727F094,V1,3.29274486926382,0.926014869048585,3.42047837469589,0.567088439638853,0.844651850566237
160727F094,V1,3.12946627589319,1.07363591349018,3.30851224067385,0.541018165885279,0.876405226213153
160727F094,V1,2.91630044379836,1.10407972341293,3.11830086972859,0.554640417572913,0.852050544758727
160727F094,V1,2.48142755981508,0.835144859564414,2.61819588095824,0.40550692368832,0.818435947900016
160727F094,V1,3.70893989295253,1.51295469747839,4.00565438426191,0.991128745067122,0.627260310118054
160727F094,V1,3.15076526111209,1.3788344492826,3.43925953791789,1.18990890851273,0.631207550929098
160727F094,V1,2.52304455786149,2.28868839349713,3.40644219141951,0.999071833474054,0.661678130876751
160727F094,V1,0.850252832670211,0.563193212066553,1.01986100699142,0.148955133057899,0.719689216759135
160727F094,V1,0.455090244454761,0.55035457388732,0.714140943789521,0.366715998006988,0.679981941713773
160727F094,V1,2.91055868130185,1.93247106971271,3.49367947479132,0.706776619813893,0.650994252690772
160727F094,V1,2.74966105607132,1.54619837305125,3.15457847138118,0.674075002710237,0.713858617330062
160727F094,V1,3.32818014495205,1.39272092065575,3.60783240188416,0.683815368559457,0.709473215586359
160727F094,V1,2.66987704835573,1.26955303452193,2.95635051386005,0.549705643469376,0.702558391780811
160727F094,V1,2.225905313722,0.931546414703262,2.41297185818698,0.576678500664477,0.761954599249365
160727F094,V1,2.37577121618478,2.18219798356665,3.2258761462794,0.828921513192649,0.680556929928857
160727F094,V1,0.860008954033487,0.940608922266249,1.27450403909311,0.102981944093661,0.642443111335343
160727F094,V1,2.01218574144256,1.1102437365941,2.29815852645355,0.652024358590653,0.630897380653219
160727F094,V1,2.10721900569272,2.28411721824491,3.107662048009,0.681823531774394,0.752370878649799
160727F094,V1,1.17329759878754,1.16350094692397,1.65238061862683,0.26849993681834,0.657351885813607
160727F094,V1,2.48917199965822,2.28179339568828,3.37676744009551,0.644483235376379,0.735332788788384
160727F094,V1,2.17268923079885,1.86746232452643,2.86495969031939,0.660703626068841,0.691169333203639
160727F094,V1,1.36124259731291,1.38217378588748,1.93994478868182,0.488549229588206,0.743578441864824
160727F094,V1,2.56252276748397,1.93325635892072,3.20998490388679,0.520507077147921,0.759341112375773
160727F094,V1,0.925103574213205,1.46852529901665,1.73562184155247,0.779998122090446,0.773340389547004
160727F094,V1,2.80015001549642,2.125667633222,3.51558003695154,0.885216125737642,0.676258276994872
160727F094,V1,2.45384496844756,1.83302992129366,3.06289957744834,0.458373762036884,0.799389600763777
160727F094,V1,1.16615521458456,1.57969025787573,1.9635017940736,1.10770525520017,0.654941907170384
160727F094,V1,-1.08951341101714,-4.27280653387475,4.40952550153743,0.543958029019842,0.645767371949664
160727F094,V1,-0.466478775175528,-2.05062047608065,2.10300898348307,0.108909813718221,0.632193742698008
160727F094,V1,-2.83621562107004,-2.90395604485952,4.05919693531588,1.1458601964897,0.663417194770208
160727F094,V1,-2.73843652791952,-2.25018427399645,3.54434251792696,0.761362053342464,0.778256601718766
160727F094,V1,-1.62651743331462,-1.74387612630802,2.38467249423971,0.497061857487732,0.692671850880404
160727F094,V1,-2.39878348240555,-1.56343259997906,2.86329944122842,1.02518823033118,0.756885650719946
160727F094,V1,-3.34894369087894,-1.97478760407622,3.88782843318618,1.2552910875049,0.685338786014591
160727F094,V1,-3.36905336836306,-1.58139971991715,3.72173960306636,1.35470859612996,0.747837761697426
160727F094,V1,-0.99896346651872,-1.45211235806401,1.76254313645973,0.365412988962821,0.664889651628465
160727F094,V1,-2.74137812729872,-1.25228899850302,3.01386492275343,0.908003492209469,0.798872573592124
160727F094,V1,-3.29886559178893,-1.09303691318819,3.47523292547145,0.957836553965731,0.845094601500522
160727F094,V1,-3.30998862751908,-1.21238813608129,3.52504038371425,0.771259865418712,0.789335966440693
160727F094,V1,-1.04442784474838,-1.25783371161192,1.63492359728311,0.287219197153282,0.632975711057751
160727F094,V1,-2.82996936670335,-0.882093360666313,2.96425628335523,1.01126411931421,0.685317022312163
160727F094,V1,-3.002759965906,-0.700596486852783,3.08340766851195,0.941969387080396,0.689575310720683
160727F094,V1,-4.22205542560276,-1.06374592613511,4.35399901380682,1.28629298510477,0.637271892979024
160727F094,V1,-0.171272367884137,-0.538406008271939,0.564991374928823,0.126302980799422,0.624933879383024
160727F094,V1,-0.352197838118189,-0.531962575482972,0.637987067964236,0.295331393933467,0.759949479159296
160727F094,V1,-0.427810445660647,-0.737737648672612,0.852806317803377,0.259356698434963,0.849667740561633
160727F094,V1,-2.28516320592067,-0.77430271579962,2.41278170860696,0.283810666885622,0.754537387601171
160727F094,V1,-2.85844782554274,-0.455600667284218,2.89452862127495,0.717464622846986,0.8343181083316
160727F094,V1,-3.67006254512458,-0.702657514897177,3.73672137954755,0.771161381122398,0.804553948306814
160727F094,V1,-3.07793872349678,-0.376272866209405,3.10085279486892,0.61494305147526,0.828131274091405
160727F094,V1,-0.414765588424966,-0.778441508637599,0.882044032750911,0.193922382651845,0.641944667985793
160727F094,V1,-0.716441010551038,-0.669834068216404,0.980798348562399,0.624058588738612,0.68157223067977
160727F094,V1,-0.574358426147175,-0.78175608047787,0.970067096159015,0.4179408485069,0.673198333462909
160727F094,V1,-2.98796210695681,-0.170610218499,2.9928289959946,0.979426483778454,0.712193821882053
160727F094,V1,-3.4186310638334,-0.240334857928759,3.42706860079315,1.00348333028264,0.713254062509675
160727F094,V1,-3.23257008570771,0.0869864128851407,3.23374024854177,0.957115070072987,0.772357168360748
160727F094,V1,-3.54811674936994,-0.118815505149283,3.55010557468695,0.996334373794013,0.721476022740961
160727F094,V1,-0.7274893586003,-0.40494476276379,0.832598959743824,0.220462840895512,0.764382531770097
160727F094,V1,-0.96496573578296,-0.310122798468938,1.01357536540967,0.151373116781958,0.669937564927134
160727F094,V1,-0.806001500828822,-0.345264644153033,0.876838693170206,0.210877550077995,0.699433304330924
160727F094,V1,-0.761414903924688,-0.660535390168844,1.00799784602158,0.287851648572717,0.749548228958393
160727F094,V1,-0.739353533837882,-0.546552343371673,0.919436301243121,0.410196221222168,0.633493686611277
160727F094,V1,-0.992190854921429,-0.301059187052912,1.03686032169173,0.11043830090461,0.703454255762051
160727F094,V1,-1.00678122381786,-0.300044298816313,1.05054034376808,0.121069150820831,0.692674120175902
160727F094,V1,-0.976281887184263,-0.665052593416753,1.18127950767565,0.237063210573669,0.724745002689475
160727F094,V1,-1.30318593351737,-0.0276129123542134,1.30347844257058,0.298408090072663,0.777155141903438
160727F094,V1,-1.21527998482524,-0.296924209475178,1.25102734889741,0.232933981547131,0.713889596123527
160727F094,V1,-1.47841190813641,0.135803608732928,1.48463611375462,0.309510708447019,0.757761085819092
160727F094,V1,-1.47872769157841,-0.04258717810022,1.47934081724914,0.283936886169158,0.648136192689537
160727F094,V1,-1.80367243897683,0.00104407954583804,1.80367274116641,0.38665214984846,0.72826503918997
160727F094,V1,-1.9187769193059,-0.365671864613613,1.95331021054799,0.309034912150912,0.694101817801539
160727F094,V1,-2.11231848045601,0.0388952651449684,2.11267654990694,0.472592403595311,0.742144858740544
160727F094,V1,-2.6139751201902,0.0532526031747397,2.61451750208681,0.774398413878603,0.706301892304157
160727F094,V1,-3.2889887640898,0.0053717436840653,3.28899315078934,0.732398822982177,0.823330863145017
160727F094,V1,-2.36297676812663,0.252288412455774,2.37640666758988,0.41251846417469,0.84780208616906
160727F094,V1,-2.86318256671611,0.272351411931531,2.87610669168029,0.616414869370941,0.881658865846865
160727F094,V1,-3.24944754233964,0.165573486169939,3.25366315246978,0.638033503780256,0.882647706695334
160727F094,V1,-3.45880914552354,-0.0977681301627106,3.46019064683333,0.561028168606869,0.816129520592875
160727F094,V1,-2.88346691744764,-0.0215055636330335,2.88354711306789,0.246166245416504,0.693217349626566
160727F094,V1,-0.934865883913724,-0.236820141088743,0.964395147297559,0.258872509355293,0.697289250476026
160727F094,V1,-1.24659662366585,0.381118854487979,1.3035546491733,0.277658482690618,0.679774987508767
160727F094,V1,-1.33335331515644,0.434326933889545,1.40230914870458,0.259927190880693,0.684790633349179
160727F094,V1,-1.42626034081021,0.401969297956803,1.48182248473559,0.287078043908648,0.6981483491203
160727F094,V1,-1.43966955498041,0.351258053792371,1.48190102499846,0.289264704730203,0.626277320728367
160727F094,V1,-1.50757196363204,0.291068788806421,1.53541338581719,0.273937414192765,0.63747535818088
160727F094,V1,-2.51709275645777,0.569097723180889,2.58062553717928,0.681624680402081,0.674069799051297
160727F094,V1,-2.58188241591801,0.502545298088185,2.63033621163858,0.666886015787838,0.785172612764373
160727F094,V1,-2.84959139480833,0.439867934719109,2.88334092978263,0.738005755405538,0.640641796912873
160727F094,V1,-0.579339551909079,0.546059187371328,0.79612496036668,0.186416824114382,0.637488985210586
160727F094,V1,-0.936149913902834,0.518853419481204,1.0703202942146,0.193434046851837,0.738812433535513
160727F094,V1,-1.015430670828,0.483887781085158,1.12483191275039,0.124787487012983,0.754157022158263
160727F094,V1,-1.83829354441313,0.510817034371533,1.90794580584332,0.243761626492272,0.738204172815659
160727F094,V1,-2.18021596110389,0.682093156389804,2.28442393417815,0.399224298795003,0.704360859478333
160727F094,V1,-3.72128506447801,0.984537545933139,3.8493215909377,0.639436974188809,0.73995593166167
160727F094,V1,-2.45149458514748,0.646255392905934,2.53524589219023,0.251676352980518,0.755105869548473
160727F094,V1,-3.58386318811359,0.863073174872319,3.68632210425241,0.626323406180872,0.826085598477015
160727F094,V1,-2.72784900112799,0.671020348186605,2.80916864581596,0.490838754435248,0.830757755092749
160727F094,V1,-2.94992412691296,0.559066659988639,3.00243366035856,0.559359439425783,0.675385995370606
160727F094,V1,-2.09560692117953,0.927931594362073,2.2918606877188,0.476447910921925,0.632075889436517
160727F094,V1,0.061281251631314,1.23149395324558,1.2330177406193,0.367594202872616,0.73500003693156
160727F094,V1,-2.88604704166569,1.56241096938303,3.28182808263256,0.550536466651713,0.760553385811746
160727F094,V1,-2.79278978457951,1.24334207154525,3.0570532032868,0.44361035279483,0.829956790758855
160727F094,V1,-2.83524179930856,1.14823934116468,3.05892949332683,0.258373608510302,0.833723137919648
160727F094,V1,-2.81719757566419,1.0739706007119,3.01496517915575,0.190768845162721,0.775970696864019
160727F094,V1,-3.50933952910522,1.09417017676359,3.6759586921318,0.673374558378129,0.741450707332956
160727F094,V1,-3.24573697327808,2.00683671798586,3.8160453498826,1.03428294847688,0.704160469573229
160727F094,V1,-3.033285976612,1.59795016250813,3.42844987388919,0.927089274321352,0.697447449120899
160727F094,V1,-2.94011483064776,2.02845109718223,3.57195871631444,0.677040624926869,0.872875857258312
160727F094,V1,-2.86525752015434,1.83241122009133,3.40109269740147,0.561514904188642,0.817710393342518
160727F094,V1,-3.12428258922088,2.41503371530706,3.94886433590451,1.20713667079879,0.707643607067668
160727F094,V1,-2.07691808339925,3.23834330826574,3.84713609160637,0.787360935065499,0.823973181190481
160616F007,V1,1.71789847416395,-1.9360897808227,2.58836218619824,1.40233543647099,0.856493352438292
160616F007,V1,1.35358503298841,-1.62410318212124,2.11421465033865,1.17186734328549,0.831305764507827
160616F007,V1,3.28541795688764,-2.49450351141797,4.12510835250619,2.17478545188965,0.890489529268585
160616F007,V1,1.87725609226514,-1.40067263077619,2.34221567208318,0.692981930179968,0.832447607042327
160616F007,V1,2.96988879381664,-2.27653897484596,3.74204077364616,1.81954193618314,0.844705045389851
160616F007,V1,0.642274356556605,0.445435445774325,0.78161952729085,0.352909664548844,0.827001985523102
160616F007,V1,0.550417816676517,0.309838373305269,0.631632480551309,0.373221240769322,0.83069144415792
160616F007,V1,2.66782805436206,-0.0241347331676944,2.66793722058566,1.14679014071056,0.846312955173219
160616F007,V1,2.08999989233004,-0.61053083836137,2.17734872138796,0.662510493230328,0.823516561997822
160616F007,V1,3.03438289332648,-1.35063931913181,3.32140122744863,1.05754610692376,0.842562727563513
160616F007,V1,1.35262981716214,-2.3232796748756,2.6883518873031,1.22739055922324,0.824170015862902
160616F007,V1,1.06769311108319,1.01394465463504,1.47243075970229,0.90973392767006,0.842197213353143
160616F007,V1,0.828110451366807,1.01991293045601,1.31376912179207,0.548912186581299,0.855627773825821
160616F007,V1,0.772443316114639,0.934163966952491,1.21215964037853,0.328677565375789,0.827930484175987
160616F007,V1,0.41067647578512,0.775404976120757,0.877444040811788,0.5312696104126,0.840625570232922
160616F007,V1,3.12517136659926,0.427831136298544,3.154320140981,1.13956878067313,0.84821237838888
160616F007,V1,0.367459067640299,1.42965844054493,1.47612649289024,0.660105694810163,0.814289378753589
160616F007,V1,1.45951547750819,0.749261260442868,1.64060289695172,0.642515518618122,0.845609131217741
160616F007,V1,1.31532523745215,0.600558289782871,1.44594285492391,0.264828441962649,0.839526510166594
160616F007,V1,1.2564632391078,0.767870458810875,1.47252331483875,0.40366807105035,0.885498843655375
160616F007,V1,1.16674821400195,0.786539890824045,1.40710568001634,0.355078069970864,0.890118002738545
160616F007,V1,2.39329048944749,0.254260402169716,2.40675875795463,0.702801187950577,0.834844962158368
160616F007,V1,1.97668982246845,-0.0738462700893149,1.97806873638316,0.304925767579608,0.812795109677185
160616F007,V1,1.38368944255975,0.296131367119831,1.41502305989816,0.375736342313221,0.838464042173366
160616F007,V1,3.95916120125309,0.923550511068829,4.06545236892566,1.21708449015088,0.849337465761184
160616F007,V1,2.96447834455455,0.686511565607066,3.04293115023083,0.980529135186251,0.922741254388181
160616F007,V1,2.37785634228414,0.144173069713325,2.38222304971039,0.456149624213058,0.890832733923269
160616F007,V1,4.3822793316859,0.310482964693611,4.39326436858589,1.1494119408254,0.834759259644602
160616F007,V1,3.4105710180914,0.690926974424978,3.47985269134098,1.01359996792711,0.935823784351568
160616F007,V1,2.85837644240263,0.434453598943157,2.89120490732099,0.701093004885428,0.907296681481132
160616F007,V1,1.3974400932519,-3.96833030965728,4.20719434549588,1.20242423153402,0.820232663439242
160616F007,V1,1.3385295371961,1.23309768232843,1.81994264088464,0.352034380672879,0.831185853381729
160616F007,V1,1.31062050681213,1.11118316337443,1.71827068165737,0.337942645330312,0.850666496038908
160616F007,V1,1.66106242496097,0.779558552178526,1.83489506944999,0.414648723836179,0.845497224237959
160616F007,V1,1.53690044793489,0.795022019771827,1.73035343175449,0.329370402056657,0.853199674168871
160616F007,V1,2.50057212612444,0.483231637952428,2.54683603199513,0.70786968283116,0.86147964417123
160616F007,V1,3.17105641790678,1.0148490362597,3.32949205915032,1.0092892464289,0.895013212219424
160616F007,V1,3.47173923609517,1.01075923629432,3.61588268023133,0.996535296795799,0.876319260057411
160616F007,V1,1.02415454342152,2.31598686259788,2.532328508811,0.674560568943658,0.843674594723477
160616F007,V1,1.09487028787448,2.14595696560704,2.40912271283713,0.861265703756468,0.828783170048199
160616F007,V1,1.37897211194165,1.67297937591323,2.16804614290007,0.475218175093459,0.834926071916498
160616F007,V1,1.30602912742914,1.61637615436556,2.07807217249424,0.755598241687074,0.881163599573625
160616F007,V1,1.8208717182796,1.38876540898714,2.29003126084115,0.596265077386853,0.831618098822749
160616F007,V1,1.72408226028627,1.15635582685715,2.07596205132471,0.424822701920317,0.874801779075973
160616F007,V1,1.71529430712877,1.02651914576405,1.99899377605047,0.086115372975662,0.813865219240341
160616F007,V1,1.58460019809755,0.723484190548186,1.74194924202285,0.146887259276779,0.832295961260293
160616F007,V1,2.2222965793455,0.865393591627393,2.38484971329442,0.614384898469736,0.856379480705195
160616F007,V1,1.89888040102675,0.843909260586759,2.07796285277374,0.400448125898933,0.828511931975366
160616F007,V1,1.72485522819431,0.725529040892684,1.8712343379192,0.261706570957956,0.828741283117571
160616F007,V1,1.5990121026309,0.667761421359384,1.73284304546488,0.16298746651529,0.859752537647961
160616F007,V1,2.92409047697274,1.07128353687967,3.11415374281876,0.811050140031394,0.867277320034665
160616F007,V1,1.88250390648196,0.615191358406405,1.98047503528264,0.266855328721991,0.83924920981408
160616F007,V1,1.68658951677028,0.632014873765905,1.80111826339659,0.282592126301478,0.853795087772061
160616F007,V1,2.89118255476669,1.06449897007526,3.08092431297469,0.788691386071375,0.936061114640981
160616F007,V1,3.02813998753342,1.03539263901334,3.20026088015054,0.730934754932441,0.922038284332966
160616F007,V1,0.546492646925162,3.2364518352913,3.28226670081877,0.894273353482109,0.851731900283351
160616F007,V1,2.18081038187537,1.2277871129418,2.50267758938329,0.648937941395244,0.870114291228776
160616F007,V1,2.01641924746987,0.912255105013192,2.21317779633485,0.442787513814787,0.833159632990942
160616F007,V1,3.91053193633971,1.44161489318503,4.16779480365645,0.856989541955107,0.824332552000683
160616F007,V1,2.89467944779562,1.34788782143521,3.19311300843921,0.857567343295301,0.91335325010406
160616F007,V1,2.36935291023374,1.09556040401351,2.61038039604869,0.634875881232661,0.900219159400178
160616F007,V1,3.57271010868587,1.19619010768345,3.76764227261904,0.852143298765991,0.820080168537474
160616F007,V1,2.9865295978085,1.22264351766115,3.22710647637555,0.730723803365648,0.876873125787941
160616F007,V1,1.9513238839284,2.69689315829073,3.32879822266606,0.776509731537825,0.847219481551905
160616F007,V1,2.74782440075343,2.38363106715533,3.63761405342623,0.846262062468226,0.905792957540246
160616F007,V1,3.0189260064961,2.13093998696235,3.69524281485447,0.854149086748379,0.917034468111823
160616F007,V1,2.17528853520397,1.09455710839037,2.43514588370343,0.433880362214812,0.899880199911702
160616F007,V1,2.97881927877585,1.65034206081866,3.40543583309301,0.789565994179103,0.932012620503877
160616F007,V1,2.54649930392098,1.41732380554118,2.91435507010107,0.719359902030387,0.938641975950312
160616F007,V1,2.31979874244298,1.00928121326711,2.52984481201792,0.411302216910373,0.876974489251202
160616F007,V1,2.78505997166337,2.58858793366484,3.80228175390472,0.99759197980567,0.866544080855632
160616F007,V1,2.91245873783617,2.30305090152919,3.71301216731547,0.899169265030289,0.857676608602742
160616F007,V1,2.55118027683044,1.84930895850674,3.15094659251818,0.705048169465611,0.843695350784333
160616F007,V1,-0.484199596726233,-0.191021517577164,0.520517501768509,0.702830745269302,0.856716925844626
160616F007,V1,-1.80035421291431,-2.55246051601575,3.12351244239201,0.920451410310321,0.826272996287449
160616F007,V1,-1.3748762866954,0.411495192185525,1.43513521903308,1.16650640526517,0.819340429725372
160616F007,V1,-1.1130919235514,0.101544041635948,1.11771410596231,0.9452998617254,0.870121780831517
160616F007,V1,-0.883078618518023,-0.241598878877509,0.915531465739201,0.610046692077688,0.882817887154365
160616F007,V1,-0.90768329560435,-0.359358018064153,0.97623109470359,0.39951561518938,0.863612646948718
160616F007,V1,-1.49555481105967,-0.183521283303032,1.5067727945211,0.772194324592944,0.875462437024448
160616F007,V1,-1.18594552742205,-0.270777673231898,1.21646510115714,0.41965067632892,0.819071723418154
160616F007,V1,-2.45863509941663,-1.31899510219274,2.79009581048606,0.82613254464637,0.888428414957391
160616F007,V1,-2.61408007288405,-1.12033418388221,2.84403996297951,0.818524495628494,0.855402651283758
160616F007,V1,-3.04178715325434,-1.23764959146954,3.28393751416921,0.84449193555948,0.868990743743459
160616F007,V1,-3.33358023125106,-1.56368293011162,3.68210014313982,0.967467387838324,0.816999416196551
160616F007,V1,-0.147042597917621,0.61431632090098,0.631669270843278,0.52608393638384,0.825708394732762
160616F007,V1,-0.484039729631481,0.655306887475361,0.814691092767291,0.598450184631448,0.822667029655818
160616F007,V1,-1.0266624376186,0.141039964443094,1.03630499004255,0.860713779510631,0.823445147422637
160616F007,V1,-1.57539142945985,0.286625268001382,1.60125332170535,0.81802485881949,0.824712105956521
160616F007,V1,-1.16823458621724,0.000175544117196772,1.16823459940626,0.560690421770604,0.878176676238649
160616F007,V1,-2.05702152028529,0.382372082317889,2.09225857490248,1.02328614948973,0.893080071897652
160616F007,V1,-1.90987295691038,0.270725507350852,1.92896526974126,0.921935298533501,0.907011282897723
160616F007,V1,-1.75086387993208,0.14375341833326,1.75675535329576,0.770431197317979,0.902076708427111
160616F007,V1,-2.00322136535716,-1.03749000902012,2.25594356255647,0.875557450031046,0.846913056839394
160616F007,V1,-3.82998998322071,-1.61198897918759,4.15539790400308,1.50195231455504,0.839167057134168
160616F007,V1,-2.41515156696974,0.282792567968054,2.43165144046888,0.968799430721749,0.922224402886533
160616F007,V1,-2.99046984831537,-0.957065062114744,3.13988589709946,0.944807407678948,0.853673494634256
160616F007,V1,-0.131051378877601,0.859513403529857,0.869446809617011,0.505703577120921,0.842014673783576
160616F007,V1,-0.159933379790796,0.728412024701487,0.745763208867953,0.512198908129596,0.833312712233623
160616F007,V1,-1.17985260095045,0.620269552469459,1.33296154396524,0.633943330876461,0.865480057496468
160616F007,V1,-1.15704032005929,0.135361989021825,1.16493140154897,0.905980428369932,0.865052057999944
160616F007,V1,-1.37581056461477,0.231455392147922,1.39514383067122,0.616446421927433,0.891447345121552
160616F007,V1,-1.22462026354646,-0.309409338473481,1.26310289708448,0.597935401578294,0.865816048571218
160616F007,V1,-1.87893913011177,0.344099346943708,1.91018758639885,0.763063432140132,0.863477854998356
160616F007,V1,-1.5978875525372,0.0464093798610346,1.59856137232589,0.540922200886626,0.907462560230848
160616F007,V1,-1.41459872024878,-0.886840327006533,1.66960333760284,0.568439094012179,0.832039215527493
160616F007,V1,-2.29880460849727,-0.995376527435038,2.50505031075564,1.21908648263474,0.854834830166782
160616F007,V1,-2.33041607255829,0.3939647207276,2.36348202286711,0.915007184653766,0.903959733653908
160616F007,V1,-2.31231869941123,0.315247930806298,2.33370928470632,0.84142028497172,0.911553773277782
160616F007,V1,-2.00666514670704,-0.0343958782184796,2.00695991176885,0.62940789149195,0.916461920288333
160616F007,V1,-2.41313112615866,-0.730567486781889,2.52129543782132,0.840373152493111,0.90912592437596
160616F007,V1,-3.36402322559089,-0.689308906390638,3.43391890276174,1.11064060289885,0.888325430337339
160616F007,V1,-2.63809670064419,0.299386095986376,2.65503036450051,0.928823102419492,0.932358089711749
160616F007,V1,-2.44194430107473,0.0355492286686327,2.4422030458605,0.857808532241395,0.916482030668331
160616F007,V1,-3.41302701427161,-0.599375681433426,3.46525678812431,0.979259194978897,0.915644156182095
160616F007,V1,-3.94432307527822,-0.644916192517046,3.99669881496503,1.0151266987636,0.900852746500406
160616F007,V1,-0.677836964708655,1.25643674161387,1.42761907958766,0.845255939330722,0.865226378679079
160616F007,V1,-0.719025526327978,1.53382274434759,1.69399230180931,0.979979605361663,0.906717169029153
160616F007,V1,-0.331277726752318,0.90139919558506,0.960346521857385,0.688724033583228,0.817224810348433
160616F007,V1,-0.860905740010857,1.36729782526236,1.61575432419375,0.966028726333578,0.855280088695442
160616F007,V1,-1.09006774432346,1.19951730628187,1.62082986623647,0.942337029936143,0.81499481044236
160616F007,V1,-1.42176406232282,1.21654943711468,1.87120431323165,0.960993013894261,0.850830568155651
160616F007,V1,-1.37604958518334,1.38748231486672,1.95412886856296,0.882461860626209,0.837273478282834
160616F007,V1,-1.24826098869048,0.783252260792451,1.47364839765903,0.827983185486596,0.827325663332304
160616F007,V1,-1.57518790726544,0.919605814858852,1.82397691814274,0.86330991266265,0.832315381039111
160616F007,V1,-1.79591751354672,0.275782958234889,1.81696889228093,1.04148305980194,0.826058037874459
160616F007,V1,-1.69222996180447,-0.622543716644187,1.80310923761205,0.672098724026874,0.865892779467925
160616F007,V1,-1.93696629088418,0.509292285990625,2.00280229792937,0.69875158724211,0.829140143966212
160616F007,V1,-1.76618439467177,-0.728099193791184,1.91037581433116,0.628592831958532,0.811986661532052
160616F007,V1,-2.30398651910569,0.430332107676264,2.34383011396258,0.77931793904123,0.876789542735183
160616F007,V1,-3.7267016551174,-0.347315686033965,3.74285097379257,1.33270930951743,0.845398317222347
160616F007,V1,-2.66035611122367,0.525410173103779,2.71174307199743,0.935162242781327,0.916026155192832
160616F007,V1,-2.95065091713526,0.541935030468377,3.0000057353345,0.940684566870868,0.91607175493671
160616F007,V1,-3.25838715224958,0.264913305366452,3.26913840228664,1.08219777572181,0.913681393204231
160616F007,V1,-3.52614975245722,-0.186867670850147,3.53109779008781,0.9824062527857,0.883566607335913
160616F007,V1,-3.68170052508594,-0.251374881570799,3.69027208854616,0.907332211894161,0.887549628293152
160616F007,V1,-4.43685069928077,-0.317373350816071,4.44818726803588,1.14038823241482,0.850030039237214
160616F007,V1,-1.51973744047694,1.49262874914607,2.13015080939467,0.882036672456232,0.910695989399642
160616F007,V1,-1.73493628569279,1.25423725689565,2.14082110695841,0.601996948817409,0.843675071837549
160616F007,V1,-1.99978854570143,1.28907891287082,2.37926011001884,0.883263571257335,0.913505259454532
160616F007,V1,-2.04234078056506,1.19936655201852,2.36846701266027,0.690090984380987,0.857301070601288
160616F007,V1,-2.1716354154765,1.07377858989555,2.42260207996895,0.584489006328117,0.888225202325872
160616F007,V1,-2.33219479730625,0.951209437558411,2.51871633311148,0.772811442510885,0.823223711783019
160616F007,V1,-2.73956435166875,0.798404422155886,2.85353508095701,0.72919629157572,0.844842146634948
160616F007,V1,-2.87906602656948,0.668440824865665,2.95564448499708,0.866835459330628,0.904311863814028
160616F007,V1,-3.25321472908407,0.657768777075241,3.31904592279538,1.02452433356007,0.936807512568016
160616F007,V1,-4.4063176471679,0.529215380163402,4.43798424133579,1.19173043500464,0.934188369745369
160616F007,V1,-0.523355147273879,1.87501128273549,1.9466812580809,0.937025979868677,0.882144248136728
160616F007,V1,-0.614638309695963,1.96773575170493,2.06149563188566,0.917365851324961,0.883160861545319
160616F007,V1,-0.740792036449987,1.82702986069024,1.97149967109343,0.923055125324117,0.887994531479819
160616F007,V1,-1.13876737760697,1.97048684013682,2.27587555183808,1.0091287806501,0.89468361353681
160616F007,V1,-1.62858184764611,1.92832620620468,2.52402868288341,0.785579369115107,0.842438892391608
160616F007,V1,-2.01782962459259,1.76723742187463,2.68230581760499,0.74773921777749,0.848728401342243
160616F007,V1,-2.50882610305191,1.41957521666289,2.88260337388238,0.885617498686372,0.815178209374728
160616F007,V1,-2.9364468559198,1.23797351057633,3.18673791682497,0.808152662169734,0.891012367323617
160616F007,V1,-3.91850379182311,1.44605620585251,4.1768110463626,1.08438255851014,0.880627110008245
160616F007,V1,-3.23265497855113,1.22427638235104,3.45671966909872,0.884643789203242,0.912331534561824
160616F007,V1,-0.46128400726329,2.30356250074112,2.34929417701946,0.969247254998904,0.816698333235242
160616F007,V1,-0.987351357424094,2.30668222122641,2.50911250698911,1.12985045139368,0.812088487792196
160616F007,V1,-0.864306695119354,2.23980042002754,2.40077737093294,0.936590193120056,0.862193381932285
160616F007,V1,-1.06075609157559,2.36616136605813,2.59305285253517,1.02336395069788,0.87408726291563
160616F007,V1,-1.99875312810258,2.02492851111667,2.84523277470105,0.649839832489729,0.864934238098607
160616F007,V1,-2.31349019250669,2.26533733353828,3.23789902645944,0.891524991959361,0.87040760748828
160616F007,V1,-2.37866930719513,1.98473858132102,3.09794365816687,0.675877589995084,0.85246360977809
160616F007,V1,-2.87152140672194,1.8712571996965,3.42742449904857,0.845751899599798,0.910056639648604
160616F007,V1,-3.24365070565808,1.75495254928252,3.68797076324493,0.897556424155991,0.924320687330184
160616F007,V1,-0.481490557301513,2.45864542755654,2.50534837801356,0.812213685650412,0.82264913136725
160616F007,V1,-0.992098117913989,2.61626860452664,2.79805648381162,1.09726787634389,0.877709777710641
160616F007,V1,-0.781680162567467,2.52925489155301,2.64729185829525,0.93384904913884,0.896995103600511
160616F007,V1,-1.73375143912996,2.56596513422474,3.09678399678476,1.02360124252091,0.859527457585895
160616F007,V1,-2.15220703649499,2.48704492070448,3.28897971497856,0.914781873318445,0.852757842374958
160616F007,V1,-2.68549715145839,2.97888998946564,4.01069576505495,1.14717596806329,0.851416407925638
160616F007,V1,-3.49811673215067,2.51554968750113,4.30869016083073,0.96915064063244,0.87197281035786
160616F007,V1,-0.857347550450373,2.85922569705705,2.98499856096693,1.20078538801192,0.89456826653465
160616F007,V1,-0.562156988335812,2.768503661433,2.8250014164426,1.077296219871,0.899591323631554
160616F007,V1,-1.50628106841342,2.95831058061644,3.3197114556009,0.963633273842886,0.897023869773796
160616F007,V1,-2.18291667472664,3.07384333407692,3.77009788351029,1.01802084689586,0.905389462947724
160616F007,V1,-2.67696305807303,3.54209228433637,4.4398816386299,1.20528376931466,0.914844200133658
160616F007,V1,-0.692493285059998,3.11406524856033,3.19013311981558,1.13877996009193,0.854251977275128
160616F007,V1,-0.438566007440059,3.1838132453433,3.21387724160481,1.06176376329848,0.865183329128801
160616F007,V1,-1.4897910069496,3.72265927585466,4.00969691229831,1.37268425562409,0.908619568114844
160616F007,V1,-1.43015319160539,3.66251823417069,3.93184154908255,1.31828153135062,0.889274941186177
160616F007,V1,-0.423325999975568,3.9013124664642,3.92421251504608,1.18144593604643,0.873567527373409